audit_id,seller_id,audit_date,complaince_score
A1,S981,2022-01-25 18:33:24,77
A2,S229,2024-09-12 08:11:13,91
A3,S935,2020-09-11 06:21:07,74
A4,S838,2021-09-30 11:37:36,97
A5,S41,2025-06-03 01:20:33,84
A6,S929,2023-08-03 03:49:39,100
A7,S141,2020-10-24 08:23:09,68
A8,S696,2022-06-25 11:59:56,97
A9,S210,2021-09-28 22:27:49,82
A10,S249,2024-10-18 18:16:29,80
A11,S187,2022-03-08 17:36:36,87
A12,S747,2021-12-15 14:57:01,70
A13,S969,2021-02-11 14:35:24,89
A14,S48,2024-08-13 00:32:29,87
A15,S811,2024-05-06 21:54:02,80
A16,S969,2021-12-23 17:27:35,77
A17,S723,2024-08-10 06:04:11,93
A18,S670,2024-02-17 11:11:22,57
A19,S746,2022-06-01 06:13:54,97
A20,S828,2021-07-09 15:44:40,79
A21,S978,2024-11-19 00:37:43,51
A22,S408,2021-12-31 00:49:21,92
A23,S601,2020-08-12 17:51:51,74
A24,S466,2022-05-24 05:12:04,63
A25,S784,2020-07-09 17:29:51,83
A26,S731,2024-09-12 13:01:18,63
A27,S852,2021-05-09 03:17:03,89
A28,S313,2023-01-10 20:31:40,75
A29,S785,2024-12-08 00:46:46,67
A30,S764,2021-01-03 14:35:44,90
A31,S958,2024-02-24 01:16:03,63
A32,S240,2022-04-04 12:10:08,62
A33,S432,2025-02-28 07:28:49,77
A34,S732,2023-11-03 19:56:29,97
A35,S78,2024-01-01 13:49:28,90
A36,S521,2020-08-15 13:33:57,63
A37,S371,2021-01-14 17:57:15,97
A38,S764,2022-11-02 06:40:54,58
A39,S774,2021-07-27 09:48:08,85
A40,S128,2021-08-11 15:42:24,93
A41,S15,2020-07-01 13:28:18,68
A42,S315,2022-01-10 21:40:14,97
A43,S883,2021-03-04 03:22:18,63
A44,S445,2022-02-03 02:19:28,75
A45,S713,2022-12-15 07:30:37,71
A46,S777,2022-09-03 12:33:47,60
A47,S926,2024-03-13 02:46:57,52
A48,S116,2023-10-09 08:18:30,61
A49,S820,2024-10-10 06:43:11,56
A50,S140,2021-03-17 16:40:40,92
A51,S887,2023-10-15 08:35:17,53
A52,S92,2025-06-05 17:38:06,54
A53,S73,2024-06-10 10:06:36,52
A54,S762,2021-02-14 00:20:51,80
A55,S735,2025-01-14 22:47:05,58
A56,S483,2021-07-07 14:57:00,69
A57,S774,2024-10-14 05:52:39,61
A58,S91,2022-01-02 08:42:35,74
A59,S986,2025-05-31 14:27:56,75
A60,S555,2024-08-07 10:47:50,62
A61,S942,2022-07-14 23:20:22,83
A62,S218,2021-10-18 01:47:09,71
A63,S719,2020-07-27 16:40:12,57
A64,S918,2023-08-17 21:34:07,98
A65,S464,2020-11-30 13:59:40,81
A66,S481,2022-03-16 03:27:30,51
A67,S98,2022-11-15 14:19:50,65
A68,S331,2021-01-08 22:01:11,65
A69,S649,2021-04-21 02:28:12,77
A70,S444,2023-01-07 19:07:39,98
A71,S390,2024-07-14 15:33:52,90
A72,S92,2024-03-23 21:37:43,96
A73,S13,2023-07-08 01:25:20,69
A74,S480,2024-10-15 04:51:37,74
A75,S123,2022-09-10 05:57:37,82
A76,S814,2024-10-13 16:53:02,72
A77,S412,2022-02-28 02:12:21,96
A78,S224,2022-12-20 08:16:59,58
A79,S684,2022-01-25 23:08:19,99
A80,S587,2025-06-09 11:19:00,99
A81,S402,2021-03-04 17:03:48,66
A82,S172,2021-09-28 00:01:03,68
A83,S474,2022-07-20 17:14:37,65
A84,S296,2022-03-11 23:42:24,95
A85,S165,2023-05-13 21:42:04,92
A86,S553,2020-11-15 08:19:31,96
A87,S758,2023-02-14 22:15:04,66
A88,S409,2024-06-25 05:53:05,95
A89,S482,2021-04-12 02:33:33,67
A90,S694,2023-05-05 01:23:11,64
A91,S405,2021-01-06 02:30:36,63
A92,S920,2022-08-20 14:21:41,69
A93,S778,2020-08-09 10:27:42,94
A94,S313,2024-10-25 07:12:46,69
A95,S130,2022-12-02 22:59:18,67
A96,S737,2023-05-22 12:32:17,52
A97,S541,2021-05-05 04:14:07,55
A98,S848,2020-12-20 04:13:51,84
A99,S369,2020-11-02 08:30:55,59
A100,S947,2021-09-13 15:26:28,64
A101,S116,2024-02-24 05:49:49,87
A102,S587,2023-08-10 16:56:54,54
A103,S940,2022-11-14 14:30:11,94
A104,S920,2020-09-13 10:06:22,95
A105,S845,2022-10-24 01:41:35,67
A106,S898,2024-03-08 08:37:36,98
A107,S705,2023-03-22 02:07:55,97
A108,S267,2025-05-26 15:42:54,97
A109,S5,2022-05-16 04:42:12,85
A110,S31,2020-06-11 21:11:52,66
A111,S392,2023-06-10 06:39:49,91
A112,S290,2022-08-27 03:56:30,62
A113,S129,2020-07-25 18:51:31,68
A114,S173,2020-09-11 15:57:50,73
A115,S844,2025-01-12 18:45:15,89
A116,S507,2022-07-20 15:38:21,63
A117,S204,2024-07-21 09:38:58,56
A118,S401,2025-02-25 00:52:28,100
A119,S388,2023-09-24 17:31:43,74
A120,S150,2022-03-20 09:00:19,91
A121,S651,2021-08-14 05:30:26,65
A122,S275,2023-06-03 04:31:41,61
A123,S423,2020-08-19 07:53:49,82
A124,S272,2022-10-14 05:52:06,58
A125,S574,2023-12-28 16:50:33,61
A126,S957,2023-02-20 04:51:59,97
A127,S834,2023-03-19 22:22:56,98
A128,S5,2021-06-08 13:07:27,74
A129,S356,2021-08-02 00:48:41,54
A130,S205,2024-01-09 14:04:28,76
A131,S548,2023-05-22 22:11:30,56
A132,S646,2024-03-26 22:49:11,82
A133,S692,2022-11-29 07:58:40,92
A134,S402,2020-10-03 07:25:18,76
A135,S412,2022-02-28 05:03:44,86
A136,S671,2023-11-04 01:16:25,62
A137,S606,2022-03-23 02:51:49,52
A138,S239,2023-12-10 03:26:01,91
A139,S806,2024-07-11 00:36:05,84
A140,S764,2022-05-12 10:35:38,86
A141,S636,2023-07-12 05:57:28,78
A142,S297,2024-08-08 04:11:12,57
A143,S724,2020-09-13 20:17:36,73
A144,S355,2021-04-01 04:47:40,66
A145,S768,2021-09-01 20:40:11,52
A146,S707,2020-06-28 07:51:55,91
A147,S376,2023-02-13 14:18:13,73
A148,S750,2023-09-02 13:47:08,71
A149,S664,2023-10-24 17:46:30,74
A150,S275,2023-04-21 19:33:41,93
A151,S246,2022-10-31 15:43:47,95
A152,S590,2025-01-09 10:21:34,58
A153,S953,2021-07-18 17:25:01,76
A154,S722,2022-03-29 11:58:06,78
A155,S707,2024-01-27 12:31:22,54
A156,S37,2022-09-22 08:00:44,85
A157,S410,2020-09-17 11:32:29,77
A158,S539,2023-11-17 14:38:02,56
A159,S246,2024-05-02 11:34:28,89
A160,S109,2025-05-28 12:34:10,87
A161,S692,2025-01-02 14:36:39,75
A162,S295,2023-08-14 17:22:27,74
A163,S874,2025-03-01 22:42:52,87
A164,S305,2023-02-25 11:37:39,54
A165,S929,2021-08-31 13:17:41,54
A166,S410,2021-07-22 21:39:42,52
A167,S890,2021-10-01 15:24:48,57
A168,S118,2021-08-21 17:54:59,74
A169,S840,2022-04-16 16:00:47,85
A170,S542,2024-09-16 18:57:05,77
A171,S882,2021-05-07 15:21:10,81
A172,S798,2025-04-15 12:44:48,74
A173,S210,2021-06-10 16:51:20,70
A174,S719,2021-01-12 16:43:02,84
A175,S592,2023-08-29 21:02:07,80
A176,S611,2022-01-09 02:49:16,86
A177,S827,2024-12-10 05:40:06,92
A178,S10,2025-02-08 03:05:12,86
A179,S621,2023-08-19 00:40:21,71
A180,S306,2021-01-18 09:24:55,89
A181,S897,2022-12-14 15:18:13,86
A182,S665,2022-05-23 12:49:30,99
A183,S60,2025-05-25 08:43:43,70
A184,S494,2023-01-01 21:46:30,88
A185,S240,2022-07-24 06:32:29,91
A186,S719,2024-01-21 20:02:26,72
A187,S375,2023-11-22 01:41:37,89
A188,S498,2021-09-07 06:57:12,81
A189,S92,2023-02-10 18:39:05,71
A190,S876,2023-08-23 12:35:39,74
A191,S853,2023-11-02 13:52:15,87
A192,S522,2024-09-16 18:43:47,78
A193,S502,2025-05-11 23:30:05,97
A194,S574,2024-01-30 23:48:15,75
A195,S501,2025-06-08 06:57:17,74
A196,S492,2024-12-04 23:11:12,92
A197,S879,2021-06-27 03:40:24,83
A198,S165,2021-12-18 18:43:11,58
A199,S864,2022-10-01 06:30:14,66
A200,S369,2023-07-11 17:55:55,88
A201,S722,2021-07-11 01:19:14,61
A202,S69,2022-09-17 04:28:20,57
A203,S779,2025-01-23 07:24:21,71
A204,S147,2024-01-28 03:40:17,70
A205,S943,2023-09-15 13:17:18,56
A206,S460,2021-01-19 19:35:13,50
A207,S796,2024-04-16 07:13:45,73
A208,S267,2023-09-30 08:27:19,75
A209,S921,2022-07-05 11:09:34,80
A210,S195,2020-12-20 08:37:29,74
A211,S595,2020-10-31 01:47:55,94
A212,S713,2024-09-07 22:06:48,95
A213,S520,2024-08-18 12:41:03,97
A214,S111,2021-01-27 06:20:26,95
A215,S373,2025-02-28 04:25:21,87
A216,S627,2024-03-19 06:08:58,96
A217,S375,2022-10-02 15:32:35,94
A218,S377,2021-04-27 20:31:40,62
A219,S916,2020-09-29 00:49:43,90
A220,S190,2020-11-18 02:45:10,91
A221,S657,2023-06-15 05:00:51,55
A222,S144,2023-08-15 17:38:42,51
A223,S913,2022-11-07 06:07:08,60
A224,S989,2024-03-23 12:41:16,79
A225,S358,2021-10-04 17:11:45,67
A226,S528,2021-10-24 19:45:59,67
A227,S433,2024-02-02 19:48:16,51
A228,S783,2022-12-24 05:55:43,89
A229,S353,2021-03-09 11:44:18,55
A230,S593,2020-07-21 19:25:15,92
A231,S352,2023-12-26 13:20:39,62
A232,S550,2022-06-21 11:37:32,77
A233,S364,2020-11-04 02:02:50,88
A234,S418,2024-07-03 20:18:01,92
A235,S549,2021-03-08 14:41:10,94
A236,S880,2025-03-04 09:02:01,100
A237,S26,2020-11-23 17:50:38,53
A238,S386,2022-01-23 04:44:51,98
A239,S711,2022-11-25 20:32:38,100
A240,S485,2020-11-10 16:07:51,99
A241,S977,2022-03-23 13:30:44,61
A242,S284,2021-11-09 17:36:13,99
A243,S236,2024-09-27 21:40:17,88
A244,S669,2021-11-29 13:27:13,53
A245,S660,2024-07-02 01:44:37,98
A246,S579,2022-04-08 13:57:02,63
A247,S254,2020-11-21 13:26:15,78
A248,S200,2025-05-29 13:19:23,96
A249,S441,2020-09-21 11:41:55,89
A250,S288,2025-04-02 03:31:43,87
A251,S214,2022-10-04 05:06:58,99
A252,S559,2022-03-22 21:20:19,56
A253,S896,2023-09-03 08:28:12,78
A254,S329,2025-06-04 17:09:38,58
A255,S155,2023-01-02 19:17:30,95
A256,S289,2023-10-07 12:35:12,61
A257,S387,2022-02-14 22:19:36,78
A258,S572,2022-07-15 19:45:53,84
A259,S908,2023-09-04 08:02:25,77
A260,S26,2025-03-28 05:06:38,82
A261,S310,2023-11-26 14:28:48,97
A262,S787,2023-04-07 08:10:35,83
A263,S292,2021-10-17 09:15:16,79
A264,S309,2021-05-19 18:50:25,82
A265,S94,2024-01-03 06:02:48,50
A266,S185,2025-04-23 10:37:36,82
A267,S798,2023-08-19 20:43:51,92
A268,S972,2022-03-06 18:49:27,75
A269,S156,2020-12-20 16:18:46,81
A270,S711,2022-05-04 11:28:17,93
A271,S112,2025-01-07 00:23:53,94
A272,S764,2023-08-04 06:18:54,79
A273,S164,2025-01-15 23:19:18,66
A274,S389,2025-05-02 19:57:46,67
A275,S691,2025-05-03 13:00:50,69
A276,S615,2022-12-03 22:03:14,71
A277,S289,2023-02-10 12:04:19,96
A278,S975,2021-06-27 11:37:06,65
A279,S207,2024-04-03 02:25:45,67
A280,S266,2021-05-28 15:55:20,97
A281,S921,2021-11-30 13:15:22,75
A282,S849,2020-08-12 09:17:05,76
A283,S220,2025-02-24 18:07:40,63
A284,S540,2024-04-09 07:33:04,94
A285,S30,2023-08-25 22:33:44,65
A286,S759,2022-05-28 19:41:04,97
A287,S505,2020-10-09 20:17:31,73
A288,S94,2024-09-02 08:55:01,74
A289,S989,2024-12-24 02:30:16,97
A290,S177,2025-02-01 05:27:23,51
A291,S416,2025-05-17 22:43:30,90
A292,S373,2021-10-06 04:49:33,96
A293,S874,2024-09-27 07:26:34,51
A294,S129,2024-03-19 11:20:32,70
A295,S612,2020-06-29 01:10:01,78
A296,S876,2022-03-20 06:46:18,53
A297,S52,2022-05-12 02:31:37,81
A298,S208,2023-10-13 21:43:44,77
A299,S733,2024-10-17 08:20:50,81
A300,S722,2022-10-27 15:33:11,74
A301,S807,2021-05-24 12:35:09,97
A302,S394,2021-03-03 13:09:01,72
A303,S787,2024-05-04 18:01:00,60
A304,S194,2023-08-16 00:44:54,85
A305,S919,2022-10-28 10:37:08,61
A306,S281,2022-02-09 19:00:21,84
A307,S894,2023-04-23 15:15:38,57
A308,S430,2024-09-08 18:18:11,79
A309,S973,2022-11-17 06:56:03,99
A310,S776,2022-07-23 07:10:22,69
A311,S88,2021-02-21 14:46:04,94
A312,S861,2022-12-03 18:28:13,55
A313,S156,2023-09-30 16:55:41,82
A314,S530,2023-07-06 15:28:12,54
A315,S917,2025-05-18 18:08:32,83
A316,S662,2023-09-17 16:35:39,56
A317,S289,2023-10-13 23:59:16,75
A318,S733,2021-04-18 22:46:38,96
A319,S802,2023-08-24 04:47:50,55
A320,S140,2025-05-13 13:16:59,79
A321,S466,2022-10-28 05:32:07,56
A322,S912,2021-06-11 03:50:49,56
A323,S498,2024-06-08 15:35:44,94
A324,S503,2024-09-18 09:57:52,56
A325,S217,2021-01-01 02:19:10,91
A326,S276,2021-10-20 23:12:40,60
A327,S628,2021-07-15 15:45:55,64
A328,S811,2022-04-03 02:48:10,96
A329,S75,2021-01-30 09:38:48,67
A330,S120,2021-05-12 01:48:54,72
A331,S365,2021-04-18 19:40:44,72
A332,S855,2022-10-02 14:00:36,76
A333,S230,2025-04-10 16:38:17,94
A334,S896,2024-03-06 01:45:28,53
A335,S172,2021-11-21 03:09:35,83
A336,S704,2021-07-26 15:50:14,97
A337,S134,2024-12-07 19:06:34,74
A338,S715,2023-11-19 01:43:42,70
A339,S137,2023-07-21 05:57:12,81
A340,S44,2022-03-07 00:53:20,96
A341,S199,2023-12-20 16:24:00,80
A342,S975,2022-05-25 20:35:21,82
A343,S12,2020-07-22 17:23:12,84
A344,S791,2021-10-22 17:29:55,85
A345,S215,2020-08-19 12:01:59,74
A346,S405,2022-09-29 23:35:18,56
A347,S451,2021-03-26 06:39:44,92
A348,S251,2023-12-14 20:37:13,52
A349,S307,2023-09-12 15:56:10,72
A350,S591,2023-07-15 18:30:21,85
A351,S172,2024-04-15 21:51:56,83
A352,S562,2020-10-07 18:28:02,79
A353,S69,2025-03-24 06:23:45,59
A354,S451,2020-10-22 10:32:51,54
A355,S743,2025-04-02 15:26:46,63
A356,S862,2022-03-23 08:57:12,57
A357,S743,2023-01-02 02:58:02,69
A358,S239,2022-09-14 18:04:14,77
A359,S318,2024-08-26 15:34:47,93
A360,S926,2023-10-21 09:55:23,58
A361,S190,2022-09-15 03:23:50,52
A362,S718,2024-03-15 09:23:47,94
A363,S38,2023-02-04 14:10:46,67
A364,S57,2025-05-26 05:32:59,80
A365,S297,2024-07-15 06:04:30,55
A366,S292,2024-06-27 02:38:24,87
A367,S334,2021-10-21 15:31:06,65
A368,S935,2023-11-26 14:06:47,96
A369,S914,2023-02-08 14:54:53,81
A370,S711,2021-01-19 18:38:36,93
A371,S210,2025-01-02 23:35:04,88
A372,S484,2022-01-21 03:11:55,61
A373,S476,2023-05-11 04:36:12,94
A374,S647,2024-07-16 16:04:39,67
A375,S752,2021-01-29 06:59:10,60
A376,S578,2023-06-08 07:21:13,69
A377,S948,2023-06-16 21:47:29,52
A378,S523,2021-05-06 21:51:29,92
A379,S698,2020-06-22 10:18:38,87
A380,S490,2022-02-18 04:36:14,97
A381,S216,2025-01-05 16:27:39,77
A382,S976,2020-07-01 00:16:16,90
A383,S634,2022-06-29 16:31:02,71
A384,S248,2023-10-25 08:54:36,52
A385,S982,2024-02-11 08:17:14,61
A386,S185,2023-04-08 00:52:41,96
A387,S880,2023-02-16 07:37:03,71
A388,S902,2024-02-29 19:26:01,78
A389,S62,2022-08-20 22:27:11,86
A390,S160,2021-09-27 09:35:55,66
A391,S23,2025-02-02 21:49:43,87
A392,S257,2023-09-16 18:43:23,73
A393,S400,2021-04-11 05:19:03,70
A394,S574,2023-08-30 09:05:36,62
A395,S983,2024-04-21 01:02:14,53
A396,S850,2024-10-07 13:02:02,77
A397,S523,2023-07-22 01:54:31,53
A398,S802,2023-01-05 20:31:28,89
A399,S127,2023-11-24 13:56:04,58
A400,S388,2024-05-27 16:10:33,60
A401,S653,2021-04-04 11:36:32,84
A402,S496,2023-01-29 11:19:30,85
A403,S527,2021-08-10 05:29:47,74
A404,S152,2020-10-26 20:52:56,71
A405,S489,2025-01-23 11:47:41,88
A406,S817,2024-09-02 09:52:42,90
A407,S64,2020-06-24 03:23:13,69
A408,S732,2024-02-18 14:23:15,62
A409,S339,2021-04-10 17:05:50,81
A410,S448,2025-03-03 09:59:58,92
A411,S305,2023-04-28 18:32:51,62
A412,S477,2025-01-11 18:38:30,76
A413,S77,2024-10-28 17:25:01,61
A414,S520,2022-02-17 22:17:40,93
A415,S684,2020-07-13 14:50:09,68
A416,S600,2022-11-06 17:40:53,66
A417,S936,2021-04-19 02:53:55,68
A418,S549,2024-11-01 07:09:15,74
A419,S796,2020-09-28 09:10:13,90
A420,S378,2022-05-27 03:41:02,58
A421,S368,2024-10-01 22:33:57,98
A422,S2,2021-07-27 12:33:33,60
A423,S528,2021-03-03 14:09:08,95
A424,S637,2023-05-14 06:53:54,59
A425,S854,2023-07-06 04:53:53,61
A426,S748,2020-08-11 03:16:57,59
A427,S359,2024-04-25 20:19:24,88
A428,S186,2023-11-01 20:26:19,94
A429,S126,2023-06-10 17:01:30,58
A430,S91,2022-04-29 19:21:19,99
A431,S337,2021-07-02 09:04:54,58
A432,S230,2020-11-12 23:56:54,81
A433,S147,2025-04-11 10:30:30,58
A434,S966,2023-09-18 06:28:22,75
A435,S607,2023-02-04 07:01:09,59
A436,S239,2020-11-30 03:03:33,81
A437,S642,2024-02-22 10:11:24,93
A438,S283,2023-04-29 18:23:09,71
A439,S374,2024-04-14 11:27:26,76
A440,S544,2023-12-27 05:34:42,74
A441,S932,2021-01-08 17:36:19,58
A442,S452,2024-07-19 16:28:39,90
A443,S263,2022-05-15 20:55:33,54
A444,S751,2023-06-10 00:23:17,71
A445,S751,2025-04-26 04:26:32,89
A446,S794,2023-12-06 01:12:52,88
A447,S708,2025-05-06 07:35:16,51
A448,S11,2023-08-23 03:09:17,72
A449,S990,2025-04-23 00:48:34,92
A450,S873,2022-11-12 17:10:21,77
A451,S306,2020-07-27 02:33:46,79
A452,S84,2021-07-25 22:09:50,50
A453,S697,2023-03-18 16:23:49,61
A454,S842,2023-09-25 16:42:07,82
A455,S784,2023-10-03 05:15:37,98
A456,S83,2021-09-26 03:09:11,100
A457,S826,2022-02-07 12:37:43,81
A458,S292,2021-01-05 14:46:54,57
A459,S120,2023-02-26 00:32:36,66
A460,S276,2022-12-02 16:27:26,81
A461,S832,2024-08-24 15:23:31,87
A462,S350,2024-02-04 11:12:44,88
A463,S739,2024-12-25 17:56:37,87
A464,S288,2020-11-01 09:54:20,78
A465,S186,2021-09-02 11:58:04,76
A466,S320,2025-03-25 09:59:13,93
A467,S254,2022-10-10 09:39:16,51
A468,S783,2020-06-10 20:21:52,97
A469,S294,2022-04-29 04:50:08,71
A470,S191,2021-01-28 09:10:59,65
A471,S299,2021-09-20 21:45:03,72
A472,S61,2024-06-07 01:18:29,68
A473,S869,2020-09-17 09:00:53,69
A474,S59,2020-09-13 17:56:00,73
A475,S455,2021-10-24 02:34:18,93
A476,S296,2022-04-02 14:50:25,58
A477,S430,2021-12-29 23:38:40,71
A478,S831,2024-12-15 06:05:26,65
A479,S573,2024-01-15 03:00:20,86
A480,S794,2020-06-24 02:25:02,72
A481,S753,2021-06-30 21:14:20,58
A482,S794,2020-10-01 06:44:57,71
A483,S81,2025-04-13 22:28:47,60
A484,S377,2022-01-27 21:19:47,81
A485,S166,2021-12-01 17:45:09,51
A486,S503,2020-06-17 23:57:53,95
A487,S670,2024-10-09 07:08:22,70
A488,S486,2021-07-06 13:45:58,89
A489,S113,2024-05-06 21:18:52,58
A490,S574,2020-11-12 08:06:14,76
A491,S841,2025-03-29 04:02:30,97
A492,S321,2024-06-27 20:07:44,85
A493,S245,2022-09-04 16:21:40,58
A494,S77,2020-10-27 02:21:02,68
A495,S802,2025-03-09 17:30:08,87
A496,S582,2020-08-30 06:55:43,86
A497,S362,2020-07-08 23:13:15,69
A498,S935,2024-09-27 12:23:28,74
A499,S633,2024-02-20 15:03:15,89
A500,S250,2022-06-17 05:31:15,72
A501,S867,2021-01-19 08:47:18,68
A502,S473,2024-02-03 04:08:31,77
A503,S166,2021-02-11 01:48:24,87
A504,S378,2023-09-14 19:04:54,69
A505,S813,2024-10-18 08:00:50,80
A506,S49,2024-12-31 03:57:58,74
A507,S393,2025-01-25 19:18:38,70
A508,S829,2023-02-16 05:29:03,67
A509,S539,2024-12-30 14:29:15,94
A510,S764,2021-09-24 15:36:37,68
A511,S307,2024-09-16 14:16:02,77
A512,S879,2024-03-08 07:18:57,51
A513,S897,2022-01-19 07:02:07,99
A514,S898,2020-08-04 09:55:32,54
A515,S456,2022-01-15 12:49:00,93
A516,S934,2023-12-16 16:34:53,78
A517,S500,2020-10-01 02:19:29,56
A518,S449,2024-12-14 11:53:45,75
A519,S418,2022-07-24 07:22:14,100
A520,S71,2024-10-22 21:11:18,71
A521,S197,2023-07-20 10:21:22,89
A522,S410,2025-05-21 06:32:01,59
A523,S508,2020-07-27 15:00:43,52
A524,S282,2020-10-29 04:26:39,50
A525,S166,2025-05-17 14:32:19,60
A526,S761,2020-11-02 21:55:09,52
A527,S479,2025-06-02 03:44:00,98
A528,S882,2024-09-26 08:42:16,96
A529,S428,2022-10-18 19:29:29,91
A530,S808,2024-01-25 16:25:18,63
A531,S242,2021-11-29 11:29:15,70
A532,S135,2024-01-03 13:23:51,62
A533,S638,2025-03-23 03:18:15,68
A534,S15,2022-06-26 16:52:24,60
A535,S641,2021-09-19 12:44:44,53
A536,S899,2024-01-07 10:28:35,69
A537,S565,2020-10-31 11:29:40,88
A538,S986,2020-11-02 06:19:51,100
A539,S355,2022-03-14 02:05:55,69
A540,S858,2022-11-24 00:07:58,67
A541,S16,2021-08-03 06:19:14,86
A542,S125,2022-12-31 23:06:14,83
A543,S718,2021-08-10 19:08:35,73
A544,S875,2022-07-03 19:31:09,83
A545,S547,2024-11-29 08:23:22,61
A546,S371,2021-11-15 19:00:01,53
A547,S797,2023-09-19 15:12:03,73
A548,S44,2022-06-30 11:47:14,93
A549,S265,2022-03-10 08:48:52,53
A550,S17,2020-09-13 22:41:36,87
A551,S915,2023-01-20 07:09:55,83
A552,S288,2023-02-12 07:37:02,54
A553,S122,2020-10-22 15:44:46,79
A554,S972,2021-11-10 23:33:56,51
A555,S816,2022-10-12 02:52:31,92
A556,S354,2024-06-25 04:14:34,69
A557,S610,2022-11-25 13:55:16,100
A558,S321,2020-12-06 02:55:14,53
A559,S6,2022-12-29 15:44:13,98
A560,S261,2021-03-24 22:54:45,52
A561,S920,2022-08-13 20:56:29,76
A562,S123,2021-07-24 13:37:54,72
A563,S784,2022-12-31 13:41:33,74
A564,S470,2022-05-05 06:55:21,55
A565,S251,2022-08-20 20:46:19,69
A566,S640,2022-04-08 07:49:36,57
A567,S827,2023-08-04 00:07:53,50
A568,S739,2020-11-10 17:56:59,100
A569,S831,2024-05-04 19:48:50,94
A570,S747,2025-05-31 07:16:49,89
A571,S231,2024-08-25 15:27:51,92
A572,S599,2022-12-09 01:42:53,76
A573,S754,2024-07-02 19:06:22,87
A574,S366,2022-05-16 12:21:16,98
A575,S990,2021-06-30 16:12:48,78
A576,S301,2020-07-20 14:32:29,88
A577,S32,2020-06-16 00:55:28,92
A578,S784,2023-04-27 04:28:30,54
A579,S360,2022-07-08 01:42:40,76
A580,S378,2025-01-01 21:28:08,81
A581,S853,2024-01-14 21:13:27,82
A582,S975,2023-12-10 07:58:03,92
A583,S418,2024-06-09 17:33:44,96
A584,S285,2022-07-13 00:36:06,74
A585,S406,2021-11-01 03:52:19,71
A586,S859,2023-11-18 23:28:54,87
A587,S11,2022-09-05 17:33:41,77
A588,S226,2021-12-16 09:45:03,82
A589,S83,2023-03-29 13:34:00,97
A590,S628,2021-06-06 00:28:09,65
A591,S716,2022-09-29 21:46:35,81
A592,S890,2023-10-14 10:42:36,84
A593,S299,2023-03-04 15:29:58,62
A594,S447,2022-08-04 22:23:54,59
A595,S785,2020-12-04 05:49:01,77
A596,S940,2023-02-09 20:37:17,60
A597,S277,2021-03-26 05:35:43,96
A598,S997,2024-06-05 11:05:02,84
A599,S638,2023-10-27 18:52:37,58
A600,S115,2021-01-06 13:19:45,94
A601,S393,2020-09-03 04:31:59,91
A602,S496,2021-07-14 17:12:15,92
A603,S811,2025-05-07 02:36:22,87
A604,S730,2023-07-03 00:14:58,58
A605,S813,2020-08-04 14:46:41,63
A606,S112,2023-09-26 23:42:31,89
A607,S982,2021-01-20 02:48:20,62
A608,S415,2022-10-06 21:05:03,59
A609,S396,2021-03-24 03:36:12,57
A610,S278,2022-11-28 12:46:41,76
A611,S727,2022-01-22 04:42:02,67
A612,S29,2022-11-29 22:00:43,98
A613,S80,2021-12-22 07:40:35,76
A614,S762,2022-11-29 01:31:50,82
A615,S213,2021-05-19 05:19:48,68
A616,S709,2021-12-31 23:06:49,77
A617,S888,2024-10-30 15:28:18,59
A618,S309,2021-10-15 21:04:33,76
A619,S301,2020-11-18 08:43:24,72
A620,S875,2021-09-03 14:22:41,72
A621,S845,2021-05-10 23:03:21,76
A622,S376,2020-08-22 23:47:17,73
A623,S508,2021-07-22 02:39:41,74
A624,S559,2023-01-18 23:42:19,92
A625,S7,2022-08-07 02:12:59,65
A626,S369,2020-06-16 19:15:08,76
A627,S989,2025-03-18 12:45:43,89
A628,S971,2022-08-21 18:47:49,85
A629,S241,2020-08-05 00:20:28,75
A630,S172,2024-11-11 00:32:12,97
A631,S897,2020-10-03 07:36:41,58
A632,S844,2022-05-22 03:11:52,52
A633,S503,2025-01-02 23:16:07,65
A634,S941,2022-07-29 00:05:59,53
A635,S932,2020-12-14 18:18:53,86
A636,S59,2025-01-08 22:25:37,74
A637,S542,2023-10-10 22:35:25,97
A638,S742,2020-12-05 02:23:57,100
A639,S209,2024-12-19 18:54:49,65
A640,S806,2025-01-25 14:26:34,50
A641,S55,2025-05-16 03:39:55,61
A642,S357,2023-10-27 14:58:42,78
A643,S738,2022-06-11 14:31:07,73
A644,S281,2021-12-06 02:30:49,86
A645,S560,2021-10-30 05:24:18,71
A646,S771,2024-03-26 19:42:51,85
A647,S40,2024-09-26 14:54:29,75
A648,S358,2021-04-20 07:47:56,50
A649,S957,2022-08-08 22:40:27,79
A650,S831,2021-12-02 07:42:28,55
A651,S532,2021-04-04 02:15:41,77
A652,S275,2024-07-30 02:18:18,95
A653,S812,2024-10-22 09:08:09,68
A654,S812,2023-11-05 14:19:10,85
A655,S35,2022-12-28 04:20:35,50
A656,S307,2023-07-28 11:12:45,56
A657,S109,2024-12-13 15:32:50,89
A658,S138,2024-09-26 12:07:20,71
A659,S991,2024-07-07 13:05:47,81
A660,S938,2021-03-19 05:26:55,64
A661,S668,2024-03-12 06:34:12,98
A662,S456,2025-04-20 10:27:44,51
A663,S384,2024-09-08 06:48:02,87
A664,S136,2021-02-05 22:23:58,58
A665,S82,2024-12-22 02:10:04,67
A666,S286,2022-12-17 17:45:23,56
A667,S841,2025-01-14 15:45:20,87
A668,S412,2020-12-30 14:01:44,86
A669,S276,2021-03-08 21:17:44,80
A670,S360,2022-04-12 08:28:03,79
A671,S441,2023-01-28 10:57:37,99
A672,S354,2024-09-20 22:18:56,73
A673,S688,2025-04-01 22:32:46,94
A674,S51,2023-08-03 01:06:30,59
A675,S13,2021-02-03 00:01:09,89
A676,S323,2020-12-12 09:08:00,72
A677,S114,2021-12-11 06:14:58,81
A678,S25,2023-10-20 10:01:14,62
A679,S752,2022-08-15 18:09:48,55
A680,S53,2020-10-11 16:10:51,72
A681,S899,2022-03-27 19:24:25,81
A682,S641,2024-11-28 19:31:47,79
A683,S820,2024-10-26 10:38:41,78
A684,S3,2021-04-27 18:15:46,86
A685,S275,2024-09-19 10:51:31,95
A686,S836,2020-08-22 01:14:37,50
A687,S995,2020-08-30 12:05:11,56
A688,S924,2024-11-26 00:36:22,64
A689,S975,2023-03-26 11:29:12,66
A690,S109,2024-06-13 10:47:24,85
A691,S624,2024-02-29 14:20:13,77
A692,S963,2020-12-13 03:28:49,88
A693,S960,2024-12-19 23:38:39,69
A694,S560,2025-03-12 16:22:08,71
A695,S951,2025-01-15 18:31:36,63
A696,S301,2020-07-20 18:39:41,83
A697,S360,2021-11-05 16:28:51,71
A698,S245,2024-04-15 02:23:42,65
A699,S827,2024-01-22 21:23:35,80
A700,S225,2024-10-11 00:40:34,96
A701,S597,2025-06-02 05:22:54,90
A702,S244,2025-01-10 01:54:27,92
A703,S867,2021-11-29 03:02:19,82
A704,S312,2022-10-09 02:50:55,94
A705,S596,2021-04-02 15:39:07,87
A706,S610,2024-07-01 04:02:27,53
A707,S693,2023-05-10 20:34:46,97
A708,S405,2025-03-24 07:42:08,56
A709,S633,2024-09-14 01:53:23,76
A710,S839,2025-03-18 21:45:42,92
A711,S825,2024-11-03 13:54:18,95
A712,S913,2022-10-15 10:05:32,57
A713,S44,2022-04-03 03:23:56,62
A714,S101,2022-01-22 11:52:51,74
A715,S775,2022-03-15 13:24:52,93
A716,S422,2022-07-04 13:17:18,82
A717,S873,2020-06-17 13:04:19,80
A718,S323,2022-07-22 11:03:36,76
A719,S361,2021-12-05 22:02:43,72
A720,S836,2024-06-27 16:14:43,70
A721,S291,2021-12-19 08:56:32,68
A722,S840,2024-06-20 07:55:21,70
A723,S449,2021-05-17 04:32:30,93
A724,S345,2025-03-15 01:14:39,71
A725,S389,2024-09-28 10:08:47,54
A726,S439,2022-04-15 13:08:38,67
A727,S202,2025-04-07 10:56:57,73
A728,S227,2023-04-14 22:08:15,94
A729,S471,2025-01-09 14:28:28,71
A730,S222,2020-07-26 06:28:55,79
A731,S193,2021-12-20 15:33:10,89
A732,S540,2024-05-28 17:25:17,99
A733,S508,2021-07-12 06:17:05,87
A734,S962,2022-05-08 15:38:14,97
A735,S121,2021-02-19 13:25:47,74
A736,S106,2025-04-27 09:27:26,78
A737,S898,2024-07-11 12:05:50,92
A738,S590,2021-12-14 04:03:22,84
A739,S5,2022-02-21 10:52:19,81
A740,S108,2025-04-06 09:33:01,58
A741,S649,2022-09-14 12:24:05,64
A742,S331,2024-06-08 02:39:51,63
A743,S161,2022-03-17 09:49:36,93
A744,S25,2023-05-10 20:46:52,89
A745,S425,2022-04-13 20:32:26,84
A746,S891,2024-07-29 05:16:29,64
A747,S598,2023-03-17 17:40:10,64
A748,S130,2021-11-14 15:47:16,56
A749,S495,2022-06-30 06:25:07,90
A750,S305,2020-09-01 06:58:01,71
A751,S962,2021-05-16 02:16:49,97
A752,S61,2021-03-23 12:15:13,67
A753,S498,2021-05-04 03:59:25,72
A754,S464,2022-09-21 09:45:20,70
A755,S987,2023-02-28 11:28:16,82
A756,S904,2023-12-25 14:31:59,63
A757,S768,2024-03-31 07:43:41,72
A758,S403,2025-01-10 06:30:23,56
A759,S526,2020-10-19 14:36:12,97
A760,S179,2020-09-06 05:48:30,77
A761,S180,2024-05-31 16:40:16,94
A762,S170,2020-08-18 04:42:10,79
A763,S614,2023-04-02 23:05:44,53
A764,S979,2025-06-07 03:55:22,56
A765,S997,2021-03-06 10:40:14,82
A766,S280,2023-09-17 20:46:51,59
A767,S223,2024-11-13 02:00:08,96
A768,S539,2024-10-08 06:27:19,90
A769,S196,2020-12-31 18:29:22,79
A770,S278,2023-06-20 22:33:14,60
A771,S63,2022-12-02 20:28:14,64
A772,S206,2024-02-26 16:56:55,88
A773,S363,2022-10-06 23:50:52,93
A774,S393,2024-05-16 04:04:19,99
A775,S157,2023-03-16 20:14:16,87
A776,S555,2023-09-26 11:04:27,81
A777,S149,2020-09-12 01:30:01,59
A778,S537,2022-02-20 09:39:32,50
A779,S180,2023-11-21 03:08:20,70
A780,S223,2023-06-11 04:12:38,91
A781,S197,2022-10-24 16:05:43,72
A782,S532,2024-03-02 02:50:49,61
A783,S149,2025-03-26 08:52:42,98
A784,S224,2021-09-18 11:44:41,97
A785,S987,2024-11-08 13:34:21,99
A786,S834,2023-12-12 03:05:18,74
A787,S672,2025-04-03 06:05:37,69
A788,S329,2025-03-29 12:54:31,94
A789,S673,2023-03-20 02:38:04,80
A790,S886,2020-07-17 11:53:39,92
A791,S755,2023-05-06 16:10:54,61
A792,S340,2023-08-29 22:37:43,94
A793,S666,2025-04-26 11:24:28,53
A794,S813,2023-11-15 03:45:09,66
A795,S651,2023-10-03 18:57:48,55
A796,S788,2024-07-13 11:53:15,75
A797,S524,2021-10-04 08:57:28,80
A798,S796,2022-02-09 10:31:00,60
A799,S200,2022-04-02 11:19:04,92
A800,S337,2023-12-24 00:54:44,65
A801,S433,2022-05-02 10:00:05,50
A802,S78,2024-01-13 05:27:57,100
A803,S45,2022-04-08 10:50:31,71
A804,S821,2022-12-31 08:53:12,90
A805,S85,2021-02-08 02:29:44,87
A806,S770,2023-07-21 02:47:28,74
A807,S521,2024-10-09 08:37:29,85
A808,S21,2020-11-30 10:45:47,82
A809,S791,2023-08-25 02:22:59,61
A810,S24,2023-01-31 13:49:59,97
A811,S628,2024-09-09 22:41:07,64
A812,S703,2025-03-29 14:12:50,63
A813,S301,2025-02-17 20:39:01,58
A814,S953,2022-02-17 07:40:56,56
A815,S757,2020-08-28 17:46:22,86
A816,S377,2022-03-16 11:39:01,70
A817,S75,2023-04-03 04:50:52,85
A818,S142,2023-06-10 12:34:57,79
A819,S528,2024-04-18 08:37:53,64
A820,S694,2021-02-16 13:33:03,83
A821,S894,2022-07-02 22:39:12,92
A822,S700,2025-05-31 23:53:55,90
A823,S860,2021-11-06 11:49:40,63
A824,S607,2022-07-28 18:12:37,53
A825,S499,2022-07-18 00:39:44,90
A826,S614,2021-12-31 10:19:23,70
A827,S443,2022-05-28 04:58:04,82
A828,S804,2022-07-12 23:15:13,81
A829,S552,2023-12-25 16:17:58,91
A830,S708,2024-11-27 00:01:27,87
A831,S246,2024-04-06 09:55:16,82
A832,S937,2023-09-01 17:57:11,59
A833,S873,2022-10-04 23:22:48,80
A834,S630,2022-04-04 02:11:10,93
A835,S632,2022-04-22 05:45:47,63
A836,S730,2025-05-31 05:24:53,84
A837,S88,2024-08-12 15:31:00,73
A838,S662,2024-03-24 07:54:34,96
A839,S735,2025-04-28 07:50:58,75
A840,S508,2022-06-26 01:29:41,74
A841,S620,2024-08-16 13:08:22,86
A842,S760,2022-07-01 23:54:07,57
A843,S359,2025-01-18 05:17:59,79
A844,S752,2020-11-28 04:44:02,68
A845,S106,2025-02-26 19:43:25,57
A846,S480,2021-03-06 05:37:06,92
A847,S599,2025-04-03 13:38:30,90
A848,S44,2025-05-22 17:17:25,89
A849,S428,2023-08-13 20:10:49,75
A850,S574,2025-01-27 18:48:43,63
A851,S210,2024-10-25 13:26:22,67
A852,S297,2020-11-03 12:55:34,100
A853,S450,2020-10-23 17:51:28,87
A854,S290,2022-09-16 11:35:22,67
A855,S3,2024-05-25 16:10:05,75
A856,S848,2021-02-21 10:57:39,82
A857,S422,2021-04-02 08:57:47,84
A858,S769,2024-04-15 10:20:40,72
A859,S519,2023-03-10 12:02:53,53
A860,S418,2025-05-17 19:34:13,77
A861,S195,2023-10-29 00:50:24,98
A862,S948,2022-10-31 21:52:14,70
A863,S266,2023-01-01 06:34:36,62
A864,S219,2022-02-16 08:06:47,65
A865,S33,2025-04-04 12:16:32,95
A866,S315,2021-11-25 08:46:49,84
A867,S991,2021-05-29 05:37:42,99
A868,S668,2022-12-21 10:52:49,91
A869,S513,2025-05-23 17:44:06,96
A870,S903,2024-02-25 15:09:24,81
A871,S234,2022-04-06 00:08:33,93
A872,S79,2023-07-27 16:56:16,68
A873,S947,2023-08-15 00:06:47,75
A874,S391,2024-06-20 20:12:17,65
A875,S93,2020-06-12 07:07:15,82
A876,S950,2022-04-29 12:05:50,54
A877,S298,2025-04-01 10:02:03,99
A878,S885,2020-11-18 13:10:58,52
A879,S931,2024-02-20 10:24:01,56
A880,S144,2022-12-10 19:21:27,56
A881,S465,2022-08-31 17:25:12,53
A882,S9,2023-11-12 00:48:28,70
A883,S802,2023-03-09 21:30:39,95
A884,S243,2023-08-26 19:32:43,71
A885,S967,2024-06-07 16:10:35,76
A886,S71,2022-01-13 22:57:25,57
A887,S206,2024-09-22 21:29:59,50
A888,S26,2020-08-07 15:25:28,68
A889,S239,2023-12-26 19:18:25,99
A890,S322,2022-06-25 04:29:25,52
A891,S680,2025-04-22 18:55:23,50
A892,S152,2022-09-11 03:08:18,69
A893,S953,2024-03-22 14:23:11,50
A894,S756,2020-06-30 07:11:07,87
A895,S344,2024-09-30 03:16:53,55
A896,S131,2020-12-27 14:01:38,73
A897,S405,2024-02-25 21:49:56,51
A898,S36,2022-03-09 04:26:03,60
A899,S986,2021-12-05 20:31:15,96
A900,S991,2022-07-30 04:19:58,82
A901,S98,2022-03-07 08:40:12,64
A902,S216,2020-12-09 02:29:22,80
A903,S255,2024-09-25 12:00:24,72
A904,S841,2021-03-01 01:56:44,62
A905,S63,2020-09-19 21:12:18,60
A906,S435,2023-08-09 04:20:08,83
A907,S402,2023-11-22 17:16:23,76
A908,S685,2022-09-13 05:13:38,97
A909,S578,2025-01-03 10:23:31,76
A910,S573,2024-06-24 11:30:02,81
A911,S916,2021-02-14 02:35:16,98
A912,S930,2024-07-08 07:53:05,99
A913,S667,2024-04-06 17:57:50,84
A914,S473,2022-09-22 00:30:03,95
A915,S464,2022-03-19 14:08:08,84
A916,S78,2024-02-04 22:23:57,63
A917,S427,2021-10-30 07:35:10,98
A918,S646,2023-12-20 21:32:56,100
A919,S919,2025-04-01 22:38:48,52
A920,S269,2024-08-10 23:53:39,98
A921,S560,2023-06-07 19:27:59,54
A922,S849,2023-02-07 19:32:14,54
A923,S987,2021-02-21 18:47:05,66
A924,S267,2023-06-03 05:52:55,58
A925,S572,2023-03-29 07:02:13,76
A926,S314,2021-03-21 09:39:44,58
A927,S426,2020-10-11 11:45:43,56
A928,S84,2022-10-03 22:40:30,90
A929,S363,2023-04-13 03:21:55,72
A930,S605,2024-04-02 13:45:44,72
A931,S797,2020-07-20 12:21:57,51
A932,S72,2025-03-31 10:12:58,59
A933,S606,2022-02-12 07:10:48,66
A934,S155,2022-08-14 00:08:44,63
A935,S854,2021-12-24 04:34:29,67
A936,S700,2021-12-22 03:54:47,69
A937,S54,2023-02-16 21:55:19,50
A938,S698,2021-10-30 09:14:14,51
A939,S156,2022-08-21 16:36:00,60
A940,S791,2020-12-20 15:14:35,80
A941,S90,2024-04-24 12:39:35,84
A942,S423,2024-11-22 12:58:26,83
A943,S414,2021-02-24 09:56:23,74
A944,S747,2024-08-06 08:27:40,63
A945,S243,2022-09-04 22:54:31,55
A946,S193,2022-10-04 04:00:56,88
A947,S589,2021-03-14 13:55:39,91
A948,S945,2024-03-08 15:48:21,96
A949,S550,2022-12-05 18:09:00,83
A950,S546,2020-11-29 01:44:29,90
A951,S391,2022-06-21 11:29:53,50
A952,S615,2023-07-20 13:40:05,54
A953,S153,2021-11-29 10:46:52,95
A954,S568,2024-02-18 07:51:12,86
A955,S719,2023-05-05 09:23:14,94
A956,S301,2024-05-24 03:34:55,89
A957,S82,2024-04-02 00:00:16,64
A958,S832,2023-05-30 06:20:09,79
A959,S47,2025-01-16 11:00:31,88
A960,S462,2024-10-09 06:38:38,79
A961,S509,2024-03-27 19:30:56,58
A962,S679,2023-12-04 07:33:53,52
A963,S231,2020-12-28 19:25:58,80
A964,S418,2020-08-20 22:30:46,82
A965,S578,2022-05-09 21:41:07,70
A966,S524,2021-08-02 23:28:26,50
A967,S746,2023-01-08 13:12:01,92
A968,S606,2022-05-11 07:50:56,73
A969,S521,2022-01-30 22:17:05,75
A970,S789,2023-07-18 04:56:11,72
A971,S47,2022-04-11 14:52:50,89
A972,S807,2021-08-24 13:50:14,61
A973,S82,2024-10-03 06:58:08,84
A974,S820,2024-06-22 11:09:16,94
A975,S515,2023-05-15 06:33:02,86
A976,S320,2023-12-09 05:11:09,59
A977,S979,2022-09-26 14:41:05,71
A978,S27,2025-05-18 05:19:44,78
A979,S692,2023-10-17 07:57:00,96
A980,S46,2021-04-25 17:04:20,91
A981,S449,2021-02-16 22:22:51,65
A982,S917,2022-02-10 17:56:43,91
A983,S726,2024-11-21 02:27:39,81
A984,S349,2021-03-21 23:05:53,90
A985,S184,2023-01-12 23:42:57,98
A986,S499,2022-12-31 13:22:07,50
A987,S840,2024-09-22 14:19:51,95
A988,S734,2022-11-11 02:43:32,93
A989,S901,2020-12-01 06:37:01,70
A990,S311,2021-01-30 13:25:54,58
A991,S51,2023-05-31 20:24:10,59
A992,S744,2024-09-04 03:17:32,61
A993,S833,2024-03-24 20:33:27,56
A994,S419,2023-05-08 07:16:18,56
A995,S963,2024-11-08 03:19:27,74
A996,S988,2021-02-18 05:01:35,52
A997,S299,2020-12-16 02:22:24,62
A998,S974,2024-08-21 04:44:08,53
A999,S229,2022-10-10 01:17:27,56
A1000,S893,2024-09-14 19:20:41,85
A1001,S356,2020-08-27 12:49:36,63
A1002,S278,2022-04-25 11:55:58,84
A1003,S982,2024-12-28 03:35:22,68
A1004,S360,2021-03-06 06:54:56,94
A1005,S518,2020-09-15 00:37:55,81
A1006,S620,2020-12-12 17:28:39,52
A1007,S166,2023-11-28 20:00:19,79
A1008,S650,2020-12-24 20:57:04,86
A1009,S60,2023-09-04 01:56:35,78
A1010,S464,2020-11-25 16:38:03,61
A1011,S436,2021-08-11 23:24:19,98
A1012,S938,2023-07-09 21:06:50,73
A1013,S255,2022-03-08 13:28:50,60
A1014,S247,2023-02-09 09:00:43,83
A1015,S175,2021-03-25 20:41:27,59
A1016,S783,2021-10-23 15:04:42,78
A1017,S384,2023-02-02 18:56:54,57
A1018,S961,2024-09-10 02:06:17,59
A1019,S901,2022-08-24 14:51:55,85
A1020,S405,2023-05-11 00:33:22,53
A1021,S597,2025-05-24 06:17:45,97
A1022,S518,2022-05-29 05:20:39,88
A1023,S262,2024-01-23 21:43:05,84
A1024,S613,2021-07-07 20:16:43,84
A1025,S919,2025-03-08 10:45:59,67
A1026,S415,2020-08-12 19:53:50,86
A1027,S108,2020-06-16 08:56:07,98
A1028,S428,2021-07-05 11:17:06,52
A1029,S296,2022-12-07 13:30:54,55
A1030,S22,2025-03-11 07:32:10,74
A1031,S84,2021-04-14 16:20:01,84
A1032,S753,2021-10-15 04:14:20,71
A1033,S62,2022-02-16 19:22:06,75
A1034,S994,2024-02-04 16:55:16,63
A1035,S412,2024-02-01 07:59:36,51
A1036,S146,2021-04-03 08:18:50,50
A1037,S911,2024-05-04 17:15:37,61
A1038,S631,2024-02-17 08:16:02,71
A1039,S937,2024-06-24 02:27:46,64
A1040,S473,2025-03-05 08:04:18,66
A1041,S335,2023-08-02 15:42:20,57
A1042,S615,2023-08-06 11:27:43,78
A1043,S782,2020-07-06 23:18:24,54
A1044,S956,2025-03-18 00:16:42,58
A1045,S959,2022-03-31 23:46:57,82
A1046,S123,2022-06-14 10:42:47,64
A1047,S309,2024-08-18 02:34:57,71
A1048,S436,2022-07-01 01:51:28,56
A1049,S149,2022-09-27 05:41:38,94
A1050,S713,2022-04-26 02:55:20,54
A1051,S796,2020-08-21 07:06:07,64
A1052,S913,2023-02-21 18:09:27,69
A1053,S664,2024-05-29 23:01:32,77
A1054,S921,2022-10-16 10:48:37,72
A1055,S990,2022-10-02 22:40:52,67
A1056,S741,2025-03-23 00:07:25,70
A1057,S558,2025-02-22 01:22:31,54
A1058,S788,2021-01-06 21:38:39,50
A1059,S762,2021-10-21 16:26:13,58
A1060,S237,2023-05-27 20:26:14,94
A1061,S773,2022-06-14 04:46:29,78
A1062,S93,2021-03-03 23:03:41,82
A1063,S735,2021-10-09 20:16:01,79
A1064,S945,2020-08-16 22:23:52,90
A1065,S613,2022-01-05 12:19:01,61
A1066,S315,2024-10-31 06:24:40,60
A1067,S765,2023-11-09 21:04:59,71
A1068,S724,2021-07-10 03:59:23,74
A1069,S783,2021-10-29 00:04:34,73
A1070,S216,2022-08-12 09:45:25,54
A1071,S226,2022-05-25 05:47:42,62
A1072,S851,2025-02-24 07:21:09,52
A1073,S166,2025-04-03 15:02:51,65
A1074,S982,2021-12-21 13:51:24,75
A1075,S776,2023-06-28 02:18:28,72
A1076,S579,2025-03-26 02:02:03,76
A1077,S456,2024-03-07 01:04:06,70
A1078,S563,2021-07-29 15:24:09,98
A1079,S367,2023-06-26 19:49:42,61
A1080,S306,2024-02-01 17:54:54,71
A1081,S571,2024-02-01 05:56:11,75
A1082,S373,2022-03-17 14:03:39,100
A1083,S607,2021-11-10 19:19:01,84
A1084,S868,2021-07-19 13:29:18,100
A1085,S279,2023-12-30 06:49:06,69
A1086,S315,2022-05-08 03:52:51,53
A1087,S480,2022-08-22 03:51:50,79
A1088,S813,2020-07-20 11:39:02,59
A1089,S291,2023-05-14 03:00:35,87
A1090,S802,2025-03-14 10:09:21,71
A1091,S863,2025-02-02 20:49:18,63
A1092,S149,2022-03-22 10:37:39,100
A1093,S876,2023-02-26 00:58:47,80
A1094,S665,2024-03-08 07:51:34,72
A1095,S911,2024-06-17 19:38:29,85
A1096,S610,2025-04-23 22:08:35,80
A1097,S561,2020-11-25 21:32:09,57
A1098,S808,2022-06-07 06:25:23,83
A1099,S719,2024-06-20 08:54:09,85
A1100,S348,2021-10-27 20:53:26,86
A1101,S525,2021-10-23 01:23:47,52
A1102,S907,2023-08-04 13:54:49,94
A1103,S527,2022-02-26 12:12:20,83
A1104,S232,2020-08-28 22:51:34,59
A1105,S271,2021-09-22 17:13:21,97
A1106,S73,2021-10-19 16:46:46,87
A1107,S859,2025-04-05 13:02:59,62
A1108,S319,2023-11-30 10:02:06,55
A1109,S489,2022-12-30 15:19:40,58
A1110,S870,2023-12-21 13:41:58,84
A1111,S533,2022-07-10 23:41:34,97
A1112,S159,2022-11-20 07:35:51,50
A1113,S534,2023-05-21 12:12:08,81
A1114,S85,2021-02-08 22:25:06,82
A1115,S694,2020-10-12 12:41:17,57
A1116,S360,2023-08-08 09:50:00,68
A1117,S883,2020-09-02 04:28:56,81
A1118,S50,2024-11-27 09:22:20,56
A1119,S169,2021-09-13 20:15:18,60
A1120,S871,2020-09-22 01:02:47,77
A1121,S878,2023-05-03 02:29:18,89
A1122,S59,2024-08-05 14:27:21,92
A1123,S678,2022-05-31 15:40:19,77
A1124,S916,2022-12-21 07:16:28,78
A1125,S207,2021-02-07 10:29:27,54
A1126,S560,2023-08-29 02:07:58,91
A1127,S19,2024-05-05 23:13:35,52
A1128,S292,2020-06-23 11:31:34,99
A1129,S440,2024-04-18 03:49:50,95
A1130,S988,2022-03-02 04:39:25,58
A1131,S143,2021-04-29 16:32:07,67
A1132,S142,2021-06-18 03:56:24,92
A1133,S172,2021-07-20 01:20:24,76
A1134,S567,2021-05-25 16:01:54,82
A1135,S142,2022-10-30 11:06:11,66
A1136,S346,2024-04-20 05:13:23,58
A1137,S425,2023-12-14 01:37:04,84
A1138,S593,2023-09-04 20:21:50,89
A1139,S37,2022-10-24 16:05:33,66
A1140,S445,2022-09-23 08:35:51,66
A1141,S738,2023-05-10 19:29:26,77
A1142,S473,2021-08-07 21:29:36,66
A1143,S76,2022-07-12 00:24:37,87
A1144,S115,2021-07-12 00:11:54,80
A1145,S112,2020-09-14 14:10:20,80
A1146,S367,2021-07-18 18:48:09,80
A1147,S669,2025-02-15 11:59:19,87
A1148,S865,2022-01-02 17:00:28,70
A1149,S591,2022-11-29 18:31:51,89
A1150,S91,2024-06-19 19:27:44,58
A1151,S151,2024-10-02 17:43:42,52
A1152,S528,2024-06-11 23:10:01,89
A1153,S173,2024-07-01 11:04:28,96
A1154,S627,2024-08-12 13:40:13,88
A1155,S469,2024-10-18 03:13:58,97
A1156,S78,2025-02-10 04:35:36,50
A1157,S233,2022-07-22 12:19:22,90
A1158,S192,2025-05-08 14:31:28,99
A1159,S699,2024-02-22 20:28:51,96
A1160,S548,2024-01-23 05:44:44,90
A1161,S790,2021-04-08 03:25:04,62
A1162,S270,2021-11-07 11:01:14,91
A1163,S148,2024-08-27 05:31:55,77
A1164,S911,2022-05-31 10:13:57,72
A1165,S132,2021-03-10 22:40:12,99
A1166,S792,2025-03-08 07:21:36,76
A1167,S938,2022-02-08 16:17:39,72
A1168,S843,2020-09-20 05:57:17,93
A1169,S885,2022-02-21 23:43:37,68
A1170,S844,2021-09-11 13:43:05,66
A1171,S895,2023-02-07 12:34:54,65
A1172,S841,2022-02-19 19:08:17,91
A1173,S5,2021-06-29 12:45:38,75
A1174,S67,2021-08-16 03:31:44,61
A1175,S860,2023-05-19 11:57:01,98
A1176,S108,2023-05-26 20:13:50,52
A1177,S288,2022-10-11 14:01:03,78
A1178,S736,2024-10-26 19:26:21,73
A1179,S928,2023-07-10 01:25:29,69
A1180,S491,2025-01-21 20:07:56,97
A1181,S849,2022-01-24 09:24:18,54
A1182,S943,2024-11-16 18:00:48,97
A1183,S1,2025-05-22 16:58:03,67
A1184,S166,2024-05-18 03:11:53,63
A1185,S867,2021-09-27 21:41:21,71
A1186,S768,2020-06-28 14:14:00,70
A1187,S138,2024-08-11 13:13:57,97
A1188,S219,2023-03-15 15:21:05,84
A1189,S154,2021-01-10 03:43:31,74
A1190,S274,2024-09-22 09:32:23,87
A1191,S357,2022-01-14 09:06:14,55
A1192,S963,2024-12-21 08:49:38,65
A1193,S353,2021-06-27 01:07:14,68
A1194,S677,2021-11-21 06:32:14,99
A1195,S97,2024-07-19 19:41:02,56
A1196,S633,2024-10-26 05:04:09,58
A1197,S864,2020-07-18 10:03:41,62
A1198,S25,2025-04-07 06:57:36,93
A1199,S362,2020-09-25 01:23:26,98
A1200,S614,2022-07-25 01:16:30,88
A1201,S759,2023-09-20 04:45:06,91
A1202,S350,2024-02-15 19:03:40,79
A1203,S927,2021-03-16 18:52:20,76
A1204,S694,2023-09-27 16:54:53,50
A1205,S638,2021-08-15 01:03:23,72
A1206,S651,2024-01-11 14:57:25,93
A1207,S793,2021-01-13 15:06:27,81
A1208,S55,2022-06-07 05:45:01,85
A1209,S477,2022-04-25 11:24:39,93
A1210,S67,2023-11-26 22:32:43,73
A1211,S48,2021-10-21 08:34:20,51
A1212,S130,2025-03-05 07:22:05,71
A1213,S354,2020-06-28 09:27:01,90
A1214,S808,2024-04-17 10:39:56,61
A1215,S851,2023-06-16 03:30:02,57
A1216,S207,2022-05-16 10:23:19,100
A1217,S22,2024-10-20 12:32:20,99
A1218,S701,2021-11-12 02:38:57,52
A1219,S785,2024-09-28 14:40:21,61
A1220,S87,2021-12-11 10:58:56,57
A1221,S584,2023-03-24 04:19:05,63
A1222,S551,2025-04-30 08:42:13,73
A1223,S512,2024-03-28 22:28:39,80
A1224,S835,2024-05-19 18:37:11,98
A1225,S167,2024-01-20 15:53:30,51
A1226,S422,2025-04-11 13:34:11,53
A1227,S663,2022-09-20 20:57:32,92
A1228,S838,2021-01-12 16:58:03,70
A1229,S506,2023-01-15 02:36:37,53
A1230,S821,2021-11-27 09:57:09,74
A1231,S757,2022-07-07 19:43:39,64
A1232,S698,2021-11-21 23:08:22,64
A1233,S898,2020-09-05 20:59:59,58
A1234,S545,2023-07-29 14:25:12,73
A1235,S838,2020-07-24 04:59:31,53
A1236,S426,2020-08-19 03:23:09,76
A1237,S24,2020-06-15 08:47:31,63
A1238,S834,2021-03-14 09:10:15,50
A1239,S106,2024-08-17 22:05:10,93
A1240,S500,2020-10-29 11:40:23,72
A1241,S368,2023-09-14 06:15:53,61
A1242,S96,2020-08-09 02:11:45,59
A1243,S80,2025-01-06 12:46:58,96
A1244,S661,2020-10-09 01:15:22,53
A1245,S614,2024-11-07 08:52:32,80
A1246,S452,2022-08-02 16:58:11,77
A1247,S298,2023-08-06 16:05:20,81
A1248,S260,2022-09-18 12:33:30,58
A1249,S510,2020-09-14 19:27:51,97
A1250,S406,2023-01-22 04:25:40,93
A1251,S974,2024-12-25 13:51:47,53
A1252,S859,2024-07-27 03:44:16,72
A1253,S754,2023-12-03 03:00:08,76
A1254,S574,2022-04-30 21:54:51,85
A1255,S739,2020-11-23 04:27:29,67
A1256,S378,2024-07-17 06:05:12,51
A1257,S419,2021-07-30 10:20:56,99
A1258,S279,2024-04-18 10:31:24,71
A1259,S630,2024-04-03 15:25:16,94
A1260,S721,2022-05-13 09:51:57,94
A1261,S551,2022-08-30 02:57:14,52
A1262,S672,2022-07-06 19:38:55,91
A1263,S476,2021-09-09 13:11:47,65
A1264,S442,2022-09-02 20:00:04,55
A1265,S282,2021-07-18 11:02:32,74
A1266,S277,2021-05-21 21:42:26,99
A1267,S43,2023-05-20 15:29:01,54
A1268,S383,2020-09-15 14:32:50,82
A1269,S774,2024-06-19 17:29:30,69
A1270,S56,2023-12-15 21:42:12,58
A1271,S731,2021-04-12 20:23:39,80
A1272,S897,2021-10-08 12:04:48,94
A1273,S50,2023-10-01 07:48:51,81
A1274,S790,2024-09-08 07:44:28,60
A1275,S626,2020-07-27 19:01:11,63
A1276,S412,2023-12-02 23:05:20,94
A1277,S870,2020-08-26 23:32:04,81
A1278,S538,2024-11-27 06:46:04,97
A1279,S397,2021-02-16 09:53:10,60
A1280,S576,2023-10-09 14:59:06,62
A1281,S652,2023-03-20 04:23:51,88
A1282,S4,2024-12-04 09:37:31,55
A1283,S954,2025-02-07 22:59:50,52
A1284,S423,2024-06-30 19:35:25,62
A1285,S527,2023-08-24 19:38:07,63
A1286,S985,2022-05-27 19:25:40,59
A1287,S707,2021-10-27 18:04:40,72
A1288,S811,2024-04-24 10:09:48,96
A1289,S804,2022-01-06 15:55:21,66
A1290,S306,2022-06-05 03:19:44,72
A1291,S157,2021-11-05 03:22:14,94
A1292,S119,2022-02-14 00:31:26,84
A1293,S507,2024-08-02 22:11:08,93
A1294,S549,2023-12-10 07:47:23,55
A1295,S298,2024-12-24 18:57:06,81
A1296,S981,2021-06-04 22:01:29,53
A1297,S829,2023-07-15 00:15:17,50
A1298,S404,2022-02-25 15:35:29,68
A1299,S112,2021-06-27 01:58:48,98
A1300,S362,2020-08-07 07:26:13,86
A1301,S665,2025-05-26 03:48:56,69
A1302,S994,2023-09-13 12:11:18,50
A1303,S271,2024-04-02 16:11:27,69
A1304,S508,2024-11-09 07:02:54,99
A1305,S983,2020-07-29 18:10:08,99
A1306,S150,2024-09-09 19:15:49,91
A1307,S33,2021-11-19 22:08:15,63
A1308,S544,2024-04-16 09:42:47,59
A1309,S939,2023-11-15 03:05:03,84
A1310,S801,2025-04-24 16:16:40,80
A1311,S774,2023-12-29 09:45:29,69
A1312,S881,2020-11-27 09:29:23,86
A1313,S438,2022-07-09 16:46:18,53
A1314,S63,2020-12-08 07:32:44,81
A1315,S392,2022-10-25 10:11:52,93
A1316,S459,2023-07-25 18:53:24,51
A1317,S484,2021-10-03 04:20:25,85
A1318,S525,2020-07-22 05:20:34,83
A1319,S169,2023-12-12 21:24:51,97
A1320,S76,2023-09-07 03:28:27,55
A1321,S800,2023-06-06 18:14:51,96
A1322,S298,2022-07-04 22:27:23,56
A1323,S53,2020-11-15 21:05:23,78
A1324,S861,2022-07-04 11:39:34,56
A1325,S412,2023-07-11 04:29:42,75
A1326,S800,2021-07-04 21:23:31,96
A1327,S212,2021-12-28 05:57:32,59
A1328,S491,2023-05-07 11:26:45,50
A1329,S786,2025-02-02 10:16:08,70
A1330,S762,2023-02-11 05:51:35,87
A1331,S82,2024-10-26 03:19:05,100
A1332,S866,2024-06-12 01:25:58,72
A1333,S768,2023-04-15 09:37:47,72
A1334,S217,2021-08-11 23:32:25,91
A1335,S922,2024-09-17 07:56:21,61
A1336,S800,2025-01-09 05:57:45,88
A1337,S668,2020-12-09 02:33:37,72
A1338,S523,2021-06-21 10:18:30,79
A1339,S41,2021-12-10 07:22:56,65
A1340,S25,2024-07-20 14:33:52,53
A1341,S334,2023-12-12 18:03:47,70
A1342,S466,2025-02-11 17:47:54,66
A1343,S261,2021-09-02 01:36:05,82
A1344,S896,2020-10-10 13:49:50,80
A1345,S942,2020-08-07 10:20:13,87
A1346,S488,2025-03-20 04:35:17,56
A1347,S758,2024-08-01 06:52:24,96
A1348,S262,2025-02-20 20:54:53,61
A1349,S131,2021-03-11 04:49:42,72
A1350,S371,2023-12-10 23:04:26,52
A1351,S224,2024-07-21 22:12:23,69
A1352,S228,2024-04-13 05:07:26,59
A1353,S284,2020-07-01 23:23:02,96
A1354,S395,2025-02-27 20:23:32,86
A1355,S5,2022-12-12 17:26:26,91
A1356,S718,2024-10-02 08:50:24,73
A1357,S592,2022-08-15 11:41:48,85
A1358,S811,2023-09-17 15:14:49,82
A1359,S656,2024-12-21 03:32:22,58
A1360,S410,2024-09-16 22:30:30,58
A1361,S945,2022-04-23 10:59:07,87
A1362,S811,2021-06-28 13:50:51,64
A1363,S222,2022-02-07 00:38:35,51
A1364,S8,2021-12-20 11:55:27,83
A1365,S769,2022-10-07 00:54:09,57
A1366,S224,2024-11-13 09:17:01,71
A1367,S957,2022-07-10 18:02:00,56
A1368,S778,2022-02-21 00:29:43,74
A1369,S339,2020-08-24 22:57:35,96
A1370,S359,2022-12-04 06:20:49,94
A1371,S258,2024-01-19 16:44:28,96
A1372,S785,2024-04-25 17:37:27,60
A1373,S464,2024-08-25 23:06:49,93
A1374,S444,2024-10-24 18:28:24,89
A1375,S195,2023-11-14 06:27:41,86
A1376,S758,2024-07-10 12:33:34,82
A1377,S162,2021-08-21 10:37:33,68
A1378,S912,2021-01-19 01:14:23,88
A1379,S885,2022-12-15 05:49:06,52
A1380,S190,2023-08-24 12:41:29,63
A1381,S526,2024-06-20 22:34:32,76
A1382,S73,2022-03-11 19:46:09,50
A1383,S386,2020-10-13 05:46:33,78
A1384,S291,2024-09-20 21:16:44,59
A1385,S336,2024-06-04 04:14:21,62
A1386,S747,2025-06-02 03:25:11,97
A1387,S558,2025-05-06 13:08:29,91
A1388,S618,2024-08-06 14:43:06,99
A1389,S889,2020-11-29 05:45:11,78
A1390,S614,2021-01-18 09:35:09,95
A1391,S598,2024-12-27 02:03:00,98
A1392,S818,2022-05-14 09:17:02,97
A1393,S929,2024-07-30 12:56:22,90
A1394,S747,2023-06-11 15:54:27,95
A1395,S266,2020-10-29 21:30:06,51
A1396,S709,2022-06-16 02:22:47,58
A1397,S796,2024-07-29 10:06:11,62
A1398,S382,2024-06-18 10:19:22,98
A1399,S626,2021-01-04 19:50:22,55
A1400,S763,2021-05-20 23:15:19,53
A1401,S163,2021-09-18 21:45:49,86
A1402,S834,2024-05-03 00:58:46,99
A1403,S310,2022-07-16 06:03:28,75
A1404,S586,2024-11-05 17:51:06,83
A1405,S575,2022-03-18 11:10:43,60
A1406,S460,2022-03-27 14:33:44,60
A1407,S854,2024-01-24 08:57:38,78
A1408,S213,2023-09-04 11:22:53,78
A1409,S189,2024-03-20 12:06:30,74
A1410,S507,2024-08-08 01:12:32,100
A1411,S168,2023-10-27 21:05:47,77
A1412,S549,2023-12-23 09:47:26,53
A1413,S681,2022-04-10 18:21:01,84
A1414,S459,2024-02-08 02:27:29,58
A1415,S256,2025-04-06 23:43:32,73
A1416,S624,2021-03-21 10:34:49,73
A1417,S673,2020-07-30 21:58:06,81
A1418,S754,2024-12-17 05:23:54,83
A1419,S42,2023-11-12 23:09:17,93
A1420,S238,2021-04-17 22:01:32,59
A1421,S220,2024-01-19 21:13:22,87
A1422,S511,2022-01-26 03:03:01,77
A1423,S341,2020-09-28 23:48:24,77
A1424,S273,2024-05-07 13:25:50,91
A1425,S768,2022-02-16 09:24:41,68
A1426,S411,2022-08-07 16:50:54,67
A1427,S3,2022-07-17 23:29:34,55
A1428,S517,2023-02-28 16:02:40,91
A1429,S473,2021-03-05 09:09:24,69
A1430,S752,2020-07-04 20:40:41,83
A1431,S307,2023-07-29 10:59:59,87
A1432,S782,2021-07-16 17:48:27,65
A1433,S826,2025-04-01 12:47:19,99
A1434,S990,2021-05-28 13:53:21,80
A1435,S237,2021-03-06 01:27:21,73
A1436,S221,2022-11-27 02:33:08,100
A1437,S662,2021-10-02 09:55:54,90
A1438,S948,2024-06-15 13:36:33,52
A1439,S675,2025-02-26 07:51:09,82
A1440,S679,2020-07-22 15:48:59,62
A1441,S234,2023-01-22 04:29:31,56
A1442,S332,2024-03-05 13:36:24,100
A1443,S926,2021-08-04 14:45:53,78
A1444,S918,2024-04-02 21:41:33,89
A1445,S663,2024-01-12 03:13:48,69
A1446,S468,2021-04-30 20:34:36,52
A1447,S639,2022-07-26 08:09:56,95
A1448,S512,2021-02-19 00:19:45,78
A1449,S98,2022-11-13 16:40:58,50
A1450,S88,2020-09-24 19:54:59,54
A1451,S342,2024-09-01 19:06:57,82
A1452,S100,2022-08-09 08:52:03,68
A1453,S545,2023-03-22 16:24:41,77
A1454,S778,2025-04-10 20:44:59,62
A1455,S244,2022-11-22 02:58:48,55
A1456,S472,2023-08-20 10:57:38,84
A1457,S771,2024-06-18 03:46:54,77
A1458,S129,2020-08-30 19:04:04,75
A1459,S27,2021-12-14 19:34:19,87
A1460,S731,2021-06-27 02:21:47,71
A1461,S329,2023-09-24 03:54:02,66
A1462,S494,2020-08-07 22:28:31,86
A1463,S989,2021-07-18 05:38:03,67
A1464,S397,2021-02-28 09:00:50,54
A1465,S842,2024-12-04 10:56:42,53
A1466,S436,2022-04-01 17:08:46,51
A1467,S521,2021-01-09 03:49:54,79
A1468,S115,2024-06-15 02:25:10,92
A1469,S714,2020-09-18 03:32:27,65
A1470,S786,2024-02-05 18:27:10,69
A1471,S696,2023-06-17 12:07:48,57
A1472,S774,2022-04-09 00:40:33,70
A1473,S158,2021-02-01 10:38:55,51
A1474,S111,2024-09-07 11:40:11,90
A1475,S811,2024-10-17 20:19:16,52
A1476,S323,2024-06-11 02:39:45,52
A1477,S679,2024-04-30 02:56:51,56
A1478,S886,2024-05-23 10:01:21,83
A1479,S795,2023-12-07 13:28:12,56
A1480,S718,2024-05-17 06:31:18,100
A1481,S849,2022-12-15 04:23:34,71
A1482,S193,2022-03-04 14:53:48,94
A1483,S525,2022-10-25 12:11:03,81
A1484,S919,2020-08-23 07:41:24,84
A1485,S16,2022-10-26 05:03:57,90
A1486,S151,2024-08-31 15:06:17,85
A1487,S730,2021-08-31 09:43:42,94
A1488,S84,2024-03-26 15:54:51,90
A1489,S60,2025-02-11 00:21:53,97
A1490,S149,2022-06-12 21:26:12,90
A1491,S373,2021-01-25 00:01:35,79
A1492,S787,2021-11-09 16:48:35,86
A1493,S593,2025-02-07 21:31:00,68
A1494,S889,2022-07-19 10:56:18,96
A1495,S668,2024-11-02 20:31:26,54
A1496,S795,2022-09-24 11:32:05,76
A1497,S311,2021-10-31 12:25:10,69
A1498,S426,2021-04-30 13:30:24,66
A1499,S804,2023-09-27 08:24:23,66
A1500,S98,2020-08-23 08:44:52,94
A1501,S761,2023-04-15 02:02:07,54
A1502,S802,2025-04-15 19:58:22,97
A1503,S250,2024-07-05 12:51:30,76
A1504,S296,2023-04-01 09:05:36,51
A1505,S921,2021-06-10 20:14:22,56
A1506,S670,2022-07-02 06:25:15,88
A1507,S250,2023-01-18 19:44:19,53
A1508,S194,2021-11-23 01:00:49,82
A1509,S79,2024-10-25 18:10:27,74
A1510,S925,2024-09-11 02:47:06,72
A1511,S762,2020-09-03 15:21:15,91
A1512,S942,2023-07-09 02:45:50,60
A1513,S183,2022-03-05 18:35:03,100
A1514,S436,2022-03-28 06:43:18,54
A1515,S297,2022-08-19 19:27:02,61
A1516,S564,2023-10-15 09:11:31,83
A1517,S320,2023-12-29 13:24:57,86
A1518,S451,2024-06-17 06:41:56,51
A1519,S944,2020-11-21 01:44:56,64
A1520,S282,2021-01-25 21:40:56,84
A1521,S604,2023-04-13 16:44:08,69
A1522,S576,2022-02-20 14:02:26,56
A1523,S717,2022-05-16 18:18:48,73
A1524,S414,2021-03-06 06:16:15,78
A1525,S685,2025-02-06 00:37:55,61
A1526,S191,2022-10-13 15:33:54,70
A1527,S308,2022-11-28 15:12:21,90
A1528,S331,2024-10-21 04:30:24,61
A1529,S638,2020-08-16 06:06:31,62
A1530,S486,2023-04-11 03:10:03,79
A1531,S764,2025-03-21 02:22:52,65
A1532,S51,2021-03-03 13:22:01,62
A1533,S570,2024-04-16 03:19:40,88
A1534,S492,2021-07-21 02:45:39,77
A1535,S52,2020-10-29 04:51:04,82
A1536,S995,2020-12-26 19:38:06,93
A1537,S894,2024-09-24 10:30:13,61
A1538,S507,2022-09-13 14:47:08,58
A1539,S896,2020-06-13 16:51:07,52
A1540,S858,2021-12-29 17:56:07,82
A1541,S720,2025-03-29 19:19:28,83
A1542,S99,2021-08-22 03:19:26,75
A1543,S672,2023-07-03 22:28:25,55
A1544,S104,2024-01-12 18:09:09,93
A1545,S12,2023-02-01 12:54:30,56
A1546,S702,2024-11-13 12:23:27,51
A1547,S666,2021-11-26 23:21:29,58
A1548,S386,2025-06-05 22:41:23,68
A1549,S256,2020-11-07 12:01:35,90
A1550,S698,2025-02-16 09:41:33,68
A1551,S215,2022-05-04 11:57:01,75
A1552,S400,2022-10-09 12:20:59,87
A1553,S599,2023-04-28 10:43:28,93
A1554,S251,2023-08-25 17:11:03,57
A1555,S259,2022-06-27 15:56:35,72
A1556,S360,2020-07-26 01:36:22,78
A1557,S928,2024-05-13 20:45:49,56
A1558,S21,2023-04-12 01:09:08,82
A1559,S313,2024-03-25 18:10:26,51
A1560,S780,2022-08-28 03:02:50,76
A1561,S201,2020-10-22 04:52:55,84
A1562,S569,2024-06-06 07:39:19,97
A1563,S850,2021-05-29 20:14:14,98
A1564,S140,2022-02-21 13:44:21,98
A1565,S325,2023-01-30 17:24:35,59
A1566,S300,2025-04-23 05:58:34,95
A1567,S522,2024-01-21 18:43:28,79
A1568,S718,2025-05-19 17:38:56,92
A1569,S951,2021-09-29 07:11:07,75
A1570,S385,2022-07-12 22:14:17,88
A1571,S369,2024-12-12 01:32:18,93
A1572,S41,2020-12-30 09:28:41,69
A1573,S877,2020-11-09 17:43:59,80
A1574,S936,2021-05-05 07:33:03,56
A1575,S911,2021-09-01 05:11:32,55
A1576,S475,2024-01-01 02:23:24,100
A1577,S499,2022-08-07 07:43:50,91
A1578,S858,2020-12-23 03:00:41,73
A1579,S496,2020-10-12 13:48:08,82
A1580,S384,2021-04-22 10:25:02,96
A1581,S278,2020-10-11 17:06:34,83
A1582,S807,2023-07-21 00:02:39,69
A1583,S303,2020-11-17 10:12:41,91
A1584,S57,2020-10-09 09:59:59,66
A1585,S317,2022-12-20 23:33:06,72
A1586,S892,2022-06-13 17:22:42,75
A1587,S549,2024-09-17 08:10:03,60
A1588,S995,2023-06-16 23:08:10,76
A1589,S954,2021-04-09 11:28:32,96
A1590,S240,2021-12-21 07:31:24,84
A1591,S464,2021-11-18 08:09:06,68
A1592,S347,2023-12-18 09:49:23,100
A1593,S398,2022-03-23 23:32:06,95
A1594,S109,2020-12-06 06:00:15,52
A1595,S649,2020-11-09 19:20:56,51
A1596,S249,2023-03-21 09:55:06,95
A1597,S118,2025-04-12 01:41:39,77
A1598,S584,2023-08-08 20:39:49,64
A1599,S860,2022-08-01 03:28:36,59
A1600,S746,2021-11-21 07:17:53,88
A1601,S580,2023-01-18 04:46:45,97
A1602,S687,2021-08-25 19:04:03,91
A1603,S859,2021-03-25 08:56:18,92
A1604,S652,2025-04-10 22:26:07,75
A1605,S500,2024-08-02 10:30:55,75
A1606,S641,2021-03-06 23:28:03,80
A1607,S248,2021-10-07 12:09:13,63
A1608,S329,2024-09-21 00:52:00,85
A1609,S861,2023-11-25 01:48:21,100
A1610,S341,2021-09-04 16:26:06,71
A1611,S473,2022-05-19 20:13:47,74
A1612,S783,2020-09-24 23:35:39,63
A1613,S144,2022-02-25 05:52:28,88
A1614,S476,2020-08-30 16:22:41,94
A1615,S629,2022-06-06 20:25:23,62
A1616,S296,2020-12-18 00:47:24,51
A1617,S978,2022-01-12 05:51:01,58
A1618,S325,2021-01-21 00:38:37,58
A1619,S922,2025-05-12 01:17:31,86
A1620,S634,2023-04-11 22:11:07,96
A1621,S727,2022-04-29 04:08:05,64
A1622,S499,2022-01-02 05:42:33,71
A1623,S244,2025-01-18 22:24:40,73
A1624,S432,2025-02-14 02:06:56,71
A1625,S378,2021-02-22 23:29:11,92
A1626,S752,2023-12-01 09:45:57,78
A1627,S524,2021-02-28 07:35:47,72
A1628,S537,2021-10-26 11:17:34,91
A1629,S679,2023-03-12 05:26:58,75
A1630,S695,2024-06-18 14:35:50,85
A1631,S842,2022-07-27 00:08:36,72
A1632,S622,2021-07-11 16:00:37,71
A1633,S229,2022-07-13 16:53:39,98
A1634,S542,2021-11-04 09:15:56,77
A1635,S901,2024-02-04 14:14:39,86
A1636,S670,2024-10-30 18:50:17,92
A1637,S396,2022-03-09 21:39:09,88
A1638,S863,2021-10-09 00:34:17,85
A1639,S552,2025-02-14 08:17:58,98
A1640,S982,2020-10-25 09:11:43,93
A1641,S897,2024-02-17 17:35:56,89
A1642,S73,2023-10-30 14:23:17,63
A1643,S357,2023-05-27 02:11:07,66
A1644,S327,2021-10-10 10:05:43,90
A1645,S173,2022-02-24 12:46:53,93
A1646,S447,2020-08-20 08:28:35,97
A1647,S623,2020-07-02 07:38:31,97
A1648,S780,2023-06-23 01:44:13,57
A1649,S507,2025-03-27 20:34:57,93
A1650,S661,2021-04-16 15:13:22,58
A1651,S559,2020-09-15 01:45:50,51
A1652,S373,2025-03-01 08:16:04,99
A1653,S346,2022-01-01 00:02:23,70
A1654,S444,2020-08-25 01:40:33,76
A1655,S381,2020-06-26 18:30:25,54
A1656,S746,2023-04-29 08:24:38,53
A1657,S671,2023-06-26 21:37:45,55
A1658,S145,2022-09-02 11:38:04,79
A1659,S843,2021-10-30 02:14:23,54
A1660,S373,2025-06-08 21:12:49,84
A1661,S4,2023-11-03 01:01:42,69
A1662,S622,2023-07-04 15:21:36,73
A1663,S28,2022-11-04 11:47:55,76
A1664,S908,2022-03-12 01:31:46,99
A1665,S781,2023-05-30 01:59:26,88
A1666,S422,2024-04-02 23:37:21,71
A1667,S290,2021-01-14 07:25:42,93
A1668,S204,2023-09-21 22:27:22,96
A1669,S163,2021-05-16 18:53:11,56
A1670,S690,2021-05-29 08:29:59,60
A1671,S11,2022-03-04 16:19:40,100
A1672,S594,2024-01-10 09:25:09,95
A1673,S986,2023-10-26 05:39:19,58
A1674,S801,2020-09-12 20:28:30,68
A1675,S539,2024-04-13 06:34:19,81
A1676,S22,2024-05-07 19:38:42,84
A1677,S489,2023-11-11 06:43:46,66
A1678,S552,2022-01-25 23:36:55,56
A1679,S237,2021-04-22 22:49:35,54
A1680,S499,2025-01-17 01:28:57,67
A1681,S529,2023-11-27 14:32:46,95
A1682,S12,2022-04-12 16:05:15,80
A1683,S929,2020-08-09 22:56:10,64
A1684,S504,2021-09-28 07:48:52,85
A1685,S369,2023-12-07 04:08:37,75
A1686,S396,2021-11-20 11:31:04,60
A1687,S151,2024-02-27 20:53:44,65
A1688,S314,2021-03-25 13:54:12,83
A1689,S863,2020-08-21 05:07:04,96
A1690,S704,2023-08-28 07:35:21,67
A1691,S59,2023-10-24 05:49:01,52
A1692,S293,2022-04-10 22:16:19,60
A1693,S31,2022-01-07 15:26:58,56
A1694,S566,2020-09-14 14:22:38,87
A1695,S920,2021-11-08 22:24:32,73
A1696,S27,2021-01-18 08:18:44,51
A1697,S158,2021-06-10 16:29:18,100
A1698,S680,2021-07-04 16:26:38,88
A1699,S883,2022-11-08 13:43:46,59
A1700,S480,2020-11-26 23:28:08,97
A1701,S970,2020-07-01 20:28:41,78
A1702,S366,2024-12-02 22:55:19,97
A1703,S242,2022-01-30 08:15:14,65
A1704,S490,2021-02-17 23:33:14,98
A1705,S963,2024-10-13 05:40:41,55
A1706,S915,2023-08-24 09:04:18,59
A1707,S131,2025-02-23 17:53:11,73
A1708,S838,2024-03-13 07:42:25,75
A1709,S804,2020-08-18 01:12:48,70
A1710,S207,2024-02-23 01:30:58,95
A1711,S963,2025-02-09 14:17:45,80
A1712,S499,2025-04-25 09:40:39,67
A1713,S459,2020-12-04 05:20:58,58
A1714,S699,2022-02-04 11:26:16,53
A1715,S272,2025-01-10 08:55:54,58
A1716,S101,2025-01-22 01:48:54,56
A1717,S276,2023-11-03 06:53:37,52
A1718,S159,2023-06-28 18:20:18,92
A1719,S501,2021-06-08 03:01:02,97
A1720,S899,2023-12-08 10:40:13,75
A1721,S884,2024-10-24 16:28:26,69
A1722,S451,2021-07-29 13:24:00,98
A1723,S33,2020-11-22 00:33:30,82
A1724,S102,2023-03-11 18:53:15,92
A1725,S671,2023-07-29 16:08:19,90
A1726,S259,2024-05-22 02:52:12,66
A1727,S869,2023-07-06 03:10:55,71
A1728,S813,2021-06-28 22:24:24,83
A1729,S300,2024-12-04 22:36:27,70
A1730,S595,2023-01-30 01:16:32,88
A1731,S875,2020-11-24 06:02:24,71
A1732,S481,2024-10-16 07:34:29,100
A1733,S347,2021-01-02 06:49:48,98
A1734,S448,2023-09-10 10:04:31,58
A1735,S668,2022-01-30 23:41:09,56
A1736,S329,2024-07-25 16:46:14,81
A1737,S634,2021-08-28 16:22:06,84
A1738,S299,2023-02-06 17:46:42,78
A1739,S705,2023-05-19 09:13:54,97
A1740,S712,2022-06-03 17:54:05,95
A1741,S461,2024-04-05 10:18:53,87
A1742,S958,2021-11-14 01:44:59,94
A1743,S892,2024-04-03 04:18:48,54
A1744,S625,2023-10-18 05:32:40,87
A1745,S715,2024-08-04 03:33:47,83
A1746,S90,2022-08-03 22:07:58,99
A1747,S427,2021-09-04 13:55:05,77
A1748,S311,2020-11-25 21:47:29,50
A1749,S65,2025-02-18 16:14:00,57
A1750,S93,2023-08-21 17:58:55,56
A1751,S719,2020-07-16 12:17:22,75
A1752,S191,2022-05-06 07:44:11,89
A1753,S465,2020-10-04 01:26:34,99
A1754,S503,2022-07-20 11:11:21,64
A1755,S933,2022-03-10 21:00:47,90
A1756,S903,2021-10-03 15:23:31,76
A1757,S310,2021-11-22 09:42:06,80
A1758,S565,2024-06-09 11:06:02,74
A1759,S397,2021-07-11 07:56:13,61
A1760,S997,2021-12-17 18:15:38,96
A1761,S241,2022-07-24 13:30:14,56
A1762,S952,2024-09-01 09:17:46,79
A1763,S969,2023-06-11 21:29:23,83
A1764,S23,2022-03-09 10:36:17,100
A1765,S514,2024-07-21 05:10:40,67
A1766,S466,2021-08-13 22:05:33,84
A1767,S993,2020-11-02 16:27:53,91
A1768,S70,2024-01-26 16:18:08,75
A1769,S389,2024-03-19 11:36:09,83
A1770,S934,2023-11-05 03:05:20,62
A1771,S567,2020-09-29 20:53:37,97
A1772,S992,2025-02-14 18:41:47,72
A1773,S356,2024-12-16 09:11:21,74
A1774,S759,2022-02-21 19:32:42,60
A1775,S791,2021-10-28 11:59:18,91
A1776,S502,2022-10-10 00:05:26,84
A1777,S752,2023-12-28 09:10:04,91
A1778,S524,2020-11-13 08:22:59,67
A1779,S768,2022-10-31 05:13:08,94
A1780,S764,2021-09-07 13:07:37,73
A1781,S475,2020-10-02 12:52:37,76
A1782,S761,2021-10-13 20:42:09,58
A1783,S786,2023-09-09 18:57:51,94
A1784,S866,2020-09-08 19:21:31,69
A1785,S511,2025-05-26 22:17:10,68
A1786,S7,2024-11-05 18:54:40,98
A1787,S984,2020-06-16 08:25:51,73
A1788,S111,2023-02-18 08:38:43,99
A1789,S456,2022-11-25 01:14:52,71
A1790,S637,2025-01-19 00:47:20,79
A1791,S302,2020-11-28 05:40:45,84
A1792,S339,2024-11-28 17:01:06,95
A1793,S450,2023-12-21 13:54:37,94
A1794,S185,2024-02-17 21:08:35,75
A1795,S536,2021-04-26 10:51:00,88
A1796,S288,2021-09-03 20:45:49,96
A1797,S839,2024-08-19 11:05:06,54
A1798,S633,2023-05-09 20:12:33,55
A1799,S214,2021-04-23 19:51:05,100
A1800,S113,2023-11-08 05:30:47,85
A1801,S213,2024-08-25 00:19:49,79
A1802,S248,2021-02-08 17:31:25,65
A1803,S994,2021-10-30 18:08:09,78
A1804,S309,2024-11-22 12:04:24,55
A1805,S196,2021-11-06 01:12:45,75
A1806,S260,2025-05-19 17:38:51,53
A1807,S727,2021-04-03 08:17:30,90
A1808,S729,2021-07-08 19:37:00,75
A1809,S904,2024-09-25 21:19:28,86
A1810,S371,2024-11-07 01:22:00,61
A1811,S842,2024-05-27 23:49:11,72
A1812,S967,2025-04-12 20:38:20,64
A1813,S539,2022-12-18 11:38:56,72
A1814,S41,2025-04-28 08:01:32,84
A1815,S104,2023-10-17 11:26:15,89
A1816,S7,2024-11-29 12:30:12,70
A1817,S213,2022-01-02 12:33:27,76
A1818,S765,2023-04-09 15:43:13,70
A1819,S761,2023-11-22 01:06:02,73
A1820,S849,2022-07-10 16:22:13,67
A1821,S80,2022-07-11 19:44:23,88
A1822,S686,2023-04-06 18:50:37,87
A1823,S427,2023-07-05 21:24:17,100
A1824,S154,2020-06-26 06:39:15,76
A1825,S993,2024-02-01 15:50:25,62
A1826,S840,2024-12-18 23:28:54,64
A1827,S149,2025-01-14 22:45:34,94
A1828,S175,2024-01-04 01:35:43,94
A1829,S161,2022-06-01 11:26:17,89
A1830,S696,2022-07-19 10:34:54,57
A1831,S101,2022-04-27 22:56:56,57
A1832,S500,2020-10-28 08:30:17,72
A1833,S52,2023-12-26 21:09:42,97
A1834,S418,2022-03-31 06:44:53,94
A1835,S704,2024-08-07 20:23:30,56
A1836,S752,2023-01-24 13:33:37,85
A1837,S924,2020-09-26 11:03:34,86
A1838,S887,2023-05-31 13:43:07,65
A1839,S142,2020-07-06 05:34:00,77
A1840,S225,2023-07-01 02:11:54,91
A1841,S123,2022-09-25 05:15:42,59
A1842,S71,2024-05-26 05:06:33,70
A1843,S881,2021-04-26 23:35:09,52
A1844,S138,2020-09-22 18:58:33,96
A1845,S172,2023-08-10 08:22:36,56
A1846,S241,2024-03-11 04:50:10,93
A1847,S764,2025-04-08 05:01:44,84
A1848,S749,2025-02-01 19:58:09,71
A1849,S118,2023-01-17 01:29:05,71
A1850,S666,2021-02-04 12:21:16,97
A1851,S437,2022-09-04 03:07:06,51
A1852,S104,2021-08-18 05:48:07,66
A1853,S486,2023-03-30 06:25:20,58
A1854,S439,2024-05-11 11:03:32,55
A1855,S770,2022-12-09 21:35:32,96
A1856,S10,2024-04-12 20:09:09,98
A1857,S595,2022-03-16 05:23:59,80
A1858,S134,2024-06-06 01:35:22,99
A1859,S745,2020-08-07 01:00:38,94
A1860,S666,2024-04-02 20:58:00,80
A1861,S96,2023-07-07 20:06:55,70
A1862,S225,2021-08-26 03:04:26,97
A1863,S236,2023-07-08 02:15:10,56
A1864,S798,2020-07-30 19:33:06,51
A1865,S231,2021-01-26 14:23:06,78
A1866,S884,2024-07-30 05:16:33,85
A1867,S619,2023-01-06 16:39:57,91
A1868,S27,2023-02-01 18:45:25,60
A1869,S785,2022-08-03 11:22:53,81
A1870,S886,2023-09-14 10:21:58,57
A1871,S113,2022-04-18 08:58:20,50
A1872,S462,2021-07-13 21:23:44,83
A1873,S588,2023-03-18 11:37:56,89
A1874,S210,2024-04-17 10:01:15,51
A1875,S741,2021-04-22 03:49:52,89
A1876,S499,2023-10-26 15:05:11,70
A1877,S587,2024-09-20 04:07:24,55
A1878,S121,2023-12-10 09:25:53,86
A1879,S693,2021-10-08 05:59:07,55
A1880,S638,2021-01-16 09:39:08,58
A1881,S965,2022-02-05 23:17:06,65
A1882,S122,2022-01-22 01:35:07,51
A1883,S74,2023-05-04 03:12:43,89
A1884,S673,2021-06-03 22:22:22,93
A1885,S460,2021-09-25 00:56:22,70
A1886,S925,2025-05-31 13:37:18,99
A1887,S894,2025-03-05 00:33:02,54
A1888,S157,2025-01-30 18:09:24,79
A1889,S539,2023-07-06 14:52:20,85
A1890,S983,2024-09-09 18:59:22,82
A1891,S216,2024-02-03 11:21:28,52
A1892,S492,2023-09-16 02:39:26,54
A1893,S726,2020-09-23 16:54:08,51
A1894,S357,2024-01-16 16:52:33,55
A1895,S819,2025-03-28 19:22:02,64
A1896,S175,2022-11-21 07:20:15,71
A1897,S68,2023-12-17 03:20:54,84
A1898,S269,2024-08-05 03:37:08,59
A1899,S62,2024-03-27 03:00:56,97
A1900,S11,2025-03-24 20:16:06,100
A1901,S704,2021-02-07 03:04:35,75
A1902,S635,2020-06-25 02:46:31,96
A1903,S835,2022-05-18 17:53:45,62
A1904,S400,2022-09-12 19:37:51,75
A1905,S154,2020-08-14 11:27:26,51
A1906,S836,2022-10-31 18:27:54,74
A1907,S656,2022-10-13 17:14:58,71
A1908,S925,2023-12-19 11:35:45,86
A1909,S369,2025-05-07 12:55:27,100
A1910,S374,2024-10-05 03:39:43,91
A1911,S932,2020-11-07 18:36:00,78
A1912,S974,2025-04-28 20:08:46,96
A1913,S683,2020-07-07 14:10:40,64
A1914,S775,2020-08-28 20:26:56,92
A1915,S477,2023-04-21 09:33:28,74
A1916,S74,2025-03-13 16:37:06,77
A1917,S91,2021-11-11 03:33:45,89
A1918,S173,2025-05-05 18:19:07,88
A1919,S387,2024-06-03 11:58:03,72
A1920,S553,2020-12-31 09:03:50,56
A1921,S769,2024-04-22 19:13:29,67
A1922,S760,2023-08-04 16:28:08,72
A1923,S830,2025-02-06 14:14:36,89
A1924,S557,2021-04-06 05:37:49,82
A1925,S88,2022-07-10 16:31:00,74
A1926,S734,2023-01-03 23:41:43,81
A1927,S62,2023-08-07 21:08:55,94
A1928,S674,2022-01-30 12:32:36,74
A1929,S359,2022-10-23 06:41:37,74
A1930,S665,2024-07-03 05:31:34,99
A1931,S66,2024-01-28 14:08:28,53
A1932,S546,2023-05-18 13:20:34,51
A1933,S729,2021-12-02 00:06:25,90
A1934,S767,2020-12-22 05:41:30,92
A1935,S567,2021-03-16 16:25:22,70
A1936,S589,2024-10-07 06:17:51,77
A1937,S474,2025-03-28 16:47:43,58
A1938,S70,2020-07-10 16:33:12,60
A1939,S799,2023-04-10 00:34:18,64
A1940,S521,2022-05-24 15:31:02,87
A1941,S861,2022-12-29 20:11:06,78
A1942,S140,2022-05-09 09:00:39,54
A1943,S238,2021-03-20 22:06:40,88
A1944,S723,2022-07-09 16:59:35,60
A1945,S245,2022-08-18 06:06:14,97
A1946,S42,2024-01-11 03:26:25,85
A1947,S839,2023-07-30 05:44:40,70
A1948,S144,2024-04-26 04:06:02,73
A1949,S996,2021-06-08 20:27:33,57
A1950,S193,2020-09-01 06:23:17,64
A1951,S339,2021-10-20 08:03:12,89
A1952,S109,2023-02-07 20:12:35,76
A1953,S705,2023-10-24 05:46:44,97
A1954,S399,2024-05-09 22:49:49,53
A1955,S178,2020-10-25 19:19:00,69
A1956,S446,2023-08-04 02:59:57,93
A1957,S400,2021-11-29 17:47:46,57
A1958,S119,2020-09-07 07:51:48,63
A1959,S873,2025-04-18 06:30:57,99
A1960,S381,2021-04-23 16:44:20,76
A1961,S636,2022-12-26 04:46:13,81
A1962,S660,2021-07-09 11:11:34,90
A1963,S851,2022-10-12 21:37:43,91
A1964,S69,2024-06-12 07:05:35,90
A1965,S787,2024-06-04 15:48:07,66
A1966,S7,2024-11-24 14:37:34,55
A1967,S138,2024-08-27 07:13:53,88
A1968,S25,2022-05-16 19:54:05,51
A1969,S471,2021-11-25 05:35:43,91
A1970,S350,2021-04-22 22:53:00,98
A1971,S544,2023-08-13 14:03:01,57
A1972,S289,2021-12-22 10:11:09,90
A1973,S549,2021-06-25 01:00:39,93
A1974,S706,2020-08-17 09:03:07,83
A1975,S983,2023-05-23 22:25:41,73
A1976,S184,2021-06-12 14:02:07,74
A1977,S260,2022-12-14 18:53:00,94
A1978,S803,2023-04-21 14:53:21,99
A1979,S169,2024-06-04 02:39:30,64
A1980,S199,2023-03-20 22:47:41,64
A1981,S559,2022-09-28 11:28:19,87
A1982,S282,2024-10-31 15:53:58,73
A1983,S558,2021-04-17 04:25:49,53
A1984,S666,2020-08-08 22:54:15,85
A1985,S322,2022-12-31 17:45:09,97
A1986,S622,2024-08-12 06:53:55,84
A1987,S754,2025-01-08 04:56:30,73
A1988,S145,2021-03-17 11:06:28,61
A1989,S339,2025-01-17 17:28:59,64
A1990,S274,2024-09-03 00:38:04,63
A1991,S777,2021-03-28 09:29:50,75
A1992,S102,2025-05-23 04:23:43,76
A1993,S936,2021-11-07 03:39:38,84
A1994,S324,2021-09-12 02:39:26,56
A1995,S206,2022-01-30 21:12:55,79
A1996,S365,2023-08-23 07:36:37,57
A1997,S347,2024-04-06 23:38:27,97
A1998,S256,2022-03-14 16:12:10,55
A1999,S495,2024-09-25 04:45:45,66
A2000,S693,2020-08-31 19:24:49,100
